well_id,css_cycle,timestamp,cycle_day,wellhead_temp_c,sandface_temp_c,crude_viscosity_cp,spm,oil_rate_bopd,water_cut,motor_power_kw,pprl_lbs,mprl_lbs,rod_floating_risk,is_rod_floating
BGW-01,3,2026-05-05 20:28:21.398481,1,179.53,230.17,8.24,7.4,19.16,0.832,1.73,6386.6,5097.7,0.007,False
BGW-01,3,2026-05-06 20:28:21.398481,2,174.5,223.71,9.27,7.4,24.53,0.787,1.67,6342.0,5095.9,0.008,False
BGW-01,3,2026-05-07 20:28:21.398481,3,170.44,218.51,10.19,7.4,29.7,0.745,1.61,6299.3,5094.2,0.008,False
BGW-01,3,2026-05-08 20:28:21.398481,4,166.9,213.98,11.09,7.4,34.66,0.705,1.56,6258.5,5092.6,0.008,False
BGW-01,3,2026-05-09 20:28:21.398481,5,163.72,209.9,11.98,7.4,39.41,0.667,1.51,6219.5,5091.0,0.009,False
BGW-01,3,2026-05-10 20:28:21.398481,6,160.8,206.16,12.87,7.4,43.96,0.631,1.46,6182.4,5089.4,0.009,False
BGW-01,3,2026-05-11 20:28:21.398481,7,158.09,202.68,13.77,7.4,48.29,0.596,1.41,6146.9,5087.8,0.009,False
BGW-01,3,2026-05-12 20:28:21.398481,8,155.54,199.41,14.69,7.4,52.41,0.564,1.37,6113.1,5086.2,0.009,False
BGW-01,3,2026-05-13 20:28:21.398481,9,153.13,196.32,15.63,7.4,56.32,0.534,1.33,6080.9,5084.5,0.01,False
BGW-01,3,2026-05-14 20:28:21.398481,10,150.85,193.4,16.59,7.4,60.02,0.505,1.29,6050.2,5082.8,0.01,False
BGW-01,3,2026-05-15 20:28:21.398481,11,148.67,190.6,17.58,7.4,63.52,0.478,1.25,6020.9,5081.0,0.01,False
BGW-01,3,2026-05-16 20:28:21.398481,12,146.59,187.94,18.59,7.4,66.82,0.452,1.21,5993.0,5079.2,0.011,False
BGW-01,3,2026-05-17 20:28:21.398481,13,144.59,185.38,19.63,7.4,69.92,0.427,1.18,5966.4,5077.4,0.011,False
BGW-01,3,2026-05-18 20:28:21.398481,14,142.68,182.92,20.7,7.4,69.78,0.429,1.15,5941.1,5075.5,0.012,False
BGW-01,3,2026-05-19 20:28:21.398481,15,140.83,180.55,21.81,7.4,69.57,0.431,1.12,5917.0,5073.5,0.012,False
BGW-01,3,2026-05-20 20:28:21.398481,16,139.05,178.27,22.94,7.4,69.33,0.433,1.11,5910.1,5071.5,0.012,False
BGW-01,3,2026-05-21 20:28:21.398481,17,137.33,176.06,24.11,7.4,69.04,0.435,1.11,5911.4,5069.4,0.013,False
BGW-01,3,2026-05-22 20:28:21.398481,18,135.67,173.93,25.32,7.4,68.72,0.438,1.12,5912.8,5067.2,0.013,False
BGW-01,3,2026-05-23 20:28:21.398481,19,134.05,171.86,26.56,7.4,68.37,0.44,1.12,5914.3,5065.0,0.014,False
BGW-01,3,2026-05-24 20:28:21.398481,20,132.49,169.86,27.84,7.4,67.99,0.442,1.12,5915.7,5062.7,0.014,False
BGW-01,3,2026-05-25 20:28:21.398481,21,130.97,167.92,29.15,7.4,67.57,0.444,1.13,5917.3,5060.4,0.015,False
BGW-01,3,2026-05-26 20:28:21.398481,22,129.5,166.03,30.51,7.4,67.13,0.446,1.13,5918.8,5058.0,0.015,False
BGW-01,3,2026-05-27 20:28:21.398481,23,128.07,164.19,31.9,7.4,66.66,0.448,1.14,5920.5,5055.5,0.015,False
BGW-01,3,2026-05-28 20:28:21.398481,24,126.67,162.4,33.34,7.4,66.16,0.45,1.14,5922.1,5052.9,0.016,False
BGW-01,3,2026-05-29 20:28:21.398481,25,125.32,160.66,34.82,7.4,65.64,0.452,1.15,5923.8,5050.3,0.016,False
BGW-01,3,2026-05-30 20:28:21.398481,26,123.99,158.97,36.34,7.4,65.1,0.454,1.15,5925.6,5047.6,0.017,False
BGW-01,3,2026-05-31 20:28:21.398481,27,122.7,157.31,37.91,7.4,64.54,0.456,1.16,5927.4,5044.8,0.018,False
BGW-01,3,2026-06-01 20:28:21.398481,28,121.44,155.7,39.52,7.4,63.95,0.458,1.16,5929.3,5041.9,0.018,False
BGW-01,3,2026-06-02 20:28:21.398481,29,120.22,154.12,41.17,7.4,63.35,0.46,1.17,5931.2,5038.9,0.019,False
BGW-01,3,2026-06-03 20:28:21.398481,30,119.02,152.58,42.87,7.4,62.73,0.462,1.17,5933.1,5035.9,0.019,False
BGW-01,3,2026-06-04 20:28:21.398481,31,117.84,151.08,44.62,7.4,62.09,0.465,1.18,5935.2,5032.8,0.02,False
BGW-01,3,2026-06-05 20:28:21.398481,32,116.7,149.61,46.42,7.4,61.44,0.467,1.18,5937.3,5029.6,0.021,False
BGW-01,3,2026-06-06 20:28:21.398481,33,115.58,148.17,48.27,7.4,60.77,0.469,1.19,5939.4,5026.3,0.021,False
BGW-01,3,2026-06-07 20:28:21.398481,34,114.48,146.77,50.17,7.4,60.09,0.471,1.2,5941.6,5022.9,0.022,False
BGW-01,3,2026-06-08 20:28:21.398481,35,113.4,145.39,52.11,7.4,59.4,0.473,1.2,5943.8,5019.4,0.022,False
BGW-01,3,2026-06-09 20:28:21.398481,36,112.35,144.04,54.11,7.4,58.7,0.475,1.21,5946.2,5015.9,0.023,False
BGW-01,3,2026-06-10 20:28:21.398481,37,111.32,142.72,56.16,7.4,57.99,0.477,1.22,5948.5,5012.2,0.024,False
BGW-01,3,2026-06-11 20:28:21.398481,38,110.31,141.43,58.27,7.4,57.27,0.479,1.22,5951.4,5007.8,0.025,False
BGW-01,3,2026-06-12 20:28:21.398481,39,109.32,140.16,60.42,7.4,56.54,0.481,1.23,5954.4,5003.1,0.026,False
BGW-01,3,2026-06-13 20:28:21.398481,40,108.35,138.91,62.64,7.4,55.8,0.483,1.24,5957.6,4998.2,0.027,False
BGW-01,3,2026-06-14 20:28:21.398481,41,107.4,137.69,64.9,7.4,55.06,0.485,1.25,5960.8,4993.3,0.028,False
BGW-01,3,2026-06-15 20:28:21.398481,42,106.47,136.5,67.23,7.4,54.32,0.488,1.26,5964.1,4988.2,0.029,False
BGW-01,3,2026-06-16 20:28:21.398481,43,105.55,135.32,69.61,7.4,53.57,0.49,1.27,5967.4,4983.0,0.03,False
BGW-01,3,2026-06-17 20:28:21.398481,44,104.65,134.17,72.05,7.4,52.82,0.492,1.28,5970.9,4977.7,0.031,False
BGW-01,3,2026-06-18 20:28:21.398481,45,103.77,133.04,74.55,7.4,52.06,0.494,1.29,5974.4,4972.3,0.032,False
BGW-01,3,2026-06-19 20:28:21.398481,46,102.9,131.93,77.1,7.4,51.31,0.496,1.3,5978.0,4966.7,0.033,False
BGW-01,3,2026-06-20 20:28:21.398481,47,102.05,130.84,79.72,7.4,50.55,0.498,1.31,5981.7,4961.0,0.034,False
BGW-01,3,2026-06-21 20:28:21.398481,48,101.21,129.76,82.4,7.4,49.79,0.5,1.32,5985.5,4955.1,0.035,False
BGW-01,3,2026-06-22 20:28:21.398481,49,100.39,128.71,85.13,7.4,49.04,0.502,1.33,5989.4,4949.2,0.036,False
BGW-01,3,2026-06-23 20:28:21.398481,50,99.58,127.67,87.93,7.4,48.28,0.504,1.34,5993.4,4943.1,0.037,False
BGW-01,3,2026-06-24 20:28:21.398481,51,98.79,126.65,90.79,7.4,47.53,0.506,1.35,5997.4,4936.8,0.039,False
BGW-01,3,2026-06-25 20:28:21.398481,52,98.01,125.65,93.72,7.4,46.78,0.508,1.36,6001.6,4930.4,0.04,False
BGW-01,3,2026-06-26 20:28:21.398481,53,97.24,124.67,96.71,7.4,46.03,0.51,1.37,6005.8,4923.9,0.041,False
BGW-01,3,2026-06-27 20:28:21.398481,54,96.49,123.7,99.76,7.4,45.29,0.513,1.39,6010.2,4917.3,0.042,False
BGW-01,3,2026-06-28 20:28:21.398481,55,95.74,122.75,102.88,7.4,44.55,0.515,1.4,6014.6,4910.5,0.044,False
BGW-01,3,2026-06-29 20:28:21.398481,56,95.01,121.81,106.06,7.4,43.81,0.517,1.41,6019.1,4903.5,0.045,False
BGW-01,3,2026-06-30 20:28:21.398481,57,94.29,120.89,109.31,7.4,43.08,0.519,1.42,6023.7,4896.4,0.046,False
BGW-01,3,2026-07-01 20:28:21.398481,58,93.58,119.98,112.62,6.2,42.36,0.521,1.14,6001.4,4929.2,0.04,False
BGW-01,3,2026-07-02 20:28:21.398481,59,92.89,119.09,116.0,6.18,41.64,0.523,1.15,6005.0,4923.6,0.041,False
BGW-01,3,2026-07-03 20:28:21.398481,60,92.2,118.21,119.45,6.16,40.93,0.525,1.15,6008.6,4917.9,0.042,False
BGW-01,3,2026-07-04 20:28:21.398481,61,91.53,117.34,122.96,6.14,40.22,0.527,1.16,6012.4,4912.2,0.043,False
BGW-01,3,2026-07-05 20:28:21.398481,62,90.86,116.49,126.55,6.13,39.52,0.529,1.16,6016.2,4906.3,0.045,False
BGW-01,3,2026-07-06 20:28:21.398481,63,90.21,115.65,130.2,6.11,38.83,0.531,1.17,6020.0,4900.4,0.046,False
BGW-01,3,2026-07-07 20:28:21.398481,64,89.56,114.82,133.92,6.09,38.14,0.533,1.17,6024.0,4894.3,0.047,False
BGW-01,3,2026-07-08 20:28:21.398481,65,88.92,114.01,137.71,6.08,37.47,0.535,1.18,6027.9,4888.1,0.048,False
BGW-01,3,2026-07-09 20:28:21.398481,66,88.3,113.2,141.57,6.06,36.8,0.538,1.19,6032.0,4881.9,0.049,False
BGW-01,3,2026-07-10 20:28:21.398481,67,87.68,112.41,145.5,6.05,36.14,0.54,1.19,6036.1,4875.5,0.051,False
BGW-01,3,2026-07-11 20:28:21.398481,68,87.07,111.63,149.5,6.03,35.48,0.542,1.2,6040.3,4869.1,0.052,False
BGW-01,3,2026-07-12 20:28:21.398481,69,86.48,110.87,153.57,6.02,34.84,0.544,1.21,6044.5,4862.5,0.053,False
BGW-01,3,2026-07-13 20:28:21.398481,70,85.88,110.11,157.72,6.0,34.2,0.546,1.21,6048.8,4855.9,0.054,False
BGW-01,3,2026-07-14 20:28:21.398481,71,85.3,109.36,161.93,5.99,33.58,0.548,1.22,6053.2,4849.2,0.056,False
BGW-01,3,2026-07-15 20:28:21.398481,72,84.73,108.63,166.21,5.97,32.96,0.55,1.23,6057.6,4842.3,0.057,False
BGW-01,3,2026-07-16 20:28:21.398481,73,84.16,107.9,170.57,5.96,32.35,0.552,1.23,6062.1,4835.4,0.058,False
BGW-01,3,2026-07-17 20:28:21.398481,74,83.61,107.19,174.99,5.94,31.75,0.554,1.24,6066.7,4828.3,0.06,False
BGW-01,3,2026-07-18 20:28:21.398481,75,83.06,106.48,179.49,5.93,31.16,0.556,1.25,6071.3,4821.2,0.061,False
BGW-01,3,2026-07-19 20:28:21.398481,76,82.52,105.79,184.06,5.91,30.58,0.558,1.26,6076.0,4813.9,0.063,False
BGW-01,3,2026-07-20 20:28:21.398481,77,81.98,105.11,188.71,5.9,30.0,0.56,1.26,6080.8,4806.6,0.064,False
BGW-01,3,2026-07-21 20:28:21.398481,78,81.46,104.43,193.42,5.89,29.44,0.562,1.27,6085.6,4799.2,0.065,False
BGW-01,3,2026-07-22 20:28:21.398481,79,80.94,103.76,198.21,5.87,28.88,0.565,1.28,6090.5,4791.6,0.067,False
BGW-01,3,2026-07-23 20:28:21.398481,80,80.42,103.11,203.06,5.86,28.34,0.567,1.29,6095.5,4784.0,0.068,False
BGW-01,3,2026-07-24 20:28:21.398481,81,79.92,102.46,207.99,5.85,27.8,0.569,1.3,6100.5,4776.3,0.07,False
BGW-01,3,2026-07-25 20:28:21.398481,82,79.42,101.82,213.0,5.84,27.28,0.571,1.3,6105.5,4768.5,0.071,False
BGW-01,3,2026-07-26 20:28:21.398481,83,78.93,101.19,218.07,5.82,26.76,0.573,1.31,6110.7,4760.5,0.073,False
BGW-01,3,2026-07-27 20:28:21.398481,84,78.44,100.57,223.22,5.81,26.25,0.575,1.32,6115.9,4752.5,0.074,False
BGW-01,3,2026-07-28 20:28:21.398481,85,77.96,99.95,228.43,5.8,25.75,0.577,1.33,6121.2,4744.4,0.076,False
BGW-01,3,2026-07-29 20:28:21.398481,86,77.49,99.35,233.72,5.79,25.26,0.579,1.34,6126.5,4736.2,0.078,False
BGW-01,3,2026-07-30 20:28:21.398481,87,77.03,98.75,239.09,5.77,24.77,0.581,1.35,6131.9,4727.9,0.079,False
BGW-01,3,2026-07-31 20:28:21.398481,88,76.57,98.16,244.52,5.76,24.3,0.583,1.36,6137.3,4719.5,0.081,False
BGW-01,3,2026-08-01 20:28:21.398481,89,76.11,97.58,250.02,5.75,23.84,0.585,1.37,6142.8,4711.0,0.083,False
BGW-01,3,2026-08-02 20:28:21.398481,90,75.66,97.01,255.6,5.74,23.38,0.588,1.37,6148.4,4702.4,0.084,False
BGW-01,3,2026-08-03 20:28:21.398481,91,75.22,96.44,261.24,5.73,22.93,0.59,1.38,6154.0,4693.7,0.086,False
BGW-01,3,2026-08-04 20:28:21.398481,92,74.79,95.88,266.96,5.72,22.49,0.592,1.39,6159.7,4685.0,0.088,False
BGW-01,3,2026-08-05 20:28:21.398481,93,74.36,95.33,272.74,5.71,22.06,0.594,1.4,6165.5,4676.1,0.089,False
BGW-01,3,2026-08-06 20:28:21.398481,94,73.93,94.78,278.6,5.7,21.64,0.596,1.41,6171.3,4667.1,0.091,False
BGW-01,3,2026-08-07 20:28:21.398481,95,73.51,94.24,284.53,5.68,21.23,0.598,1.42,6177.2,4658.1,0.093,False
BGW-01,3,2026-08-08 20:28:21.398481,96,73.1,93.71,290.52,5.67,20.82,0.6,1.43,6183.1,4648.9,0.095,False
BGW-01,3,2026-08-09 20:28:21.398481,97,72.69,93.19,296.58,5.66,20.42,0.602,1.44,6189.1,4639.7,0.096,False
BGW-01,3,2026-08-10 20:28:21.398481,98,72.28,92.67,302.72,5.65,20.03,0.604,1.45,6195.1,4630.4,0.098,False
BGW-01,3,2026-08-11 20:28:21.398481,99,71.89,92.16,308.92,5.64,19.65,0.606,1.46,6201.3,4621.0,0.1,False
BGW-01,3,2026-08-12 20:28:21.398481,100,71.49,91.66,315.18,5.63,19.27,0.608,1.47,6207.4,4611.5,0.102,False
BGW-01,3,2026-08-13 20:28:21.398481,101,71.1,91.16,321.52,5.62,18.9,0.61,1.48,6213.6,4601.9,0.104,False
BGW-01,3,2026-08-14 20:28:21.398481,102,70.72,90.67,327.92,5.61,18.54,0.612,1.5,6219.9,4592.3,0.106,False
BGW-01,3,2026-08-15 20:28:21.398481,103,70.34,90.18,334.39,5.6,18.19,0.615,1.51,6226.2,4582.5,0.108,False
BGW-01,3,2026-08-16 20:28:21.398481,104,69.97,89.7,340.92,5.59,17.84,0.617,1.52,6232.6,4572.7,0.109,False
BGW-01,3,2026-08-17 20:28:21.398481,105,69.6,89.23,347.52,5.58,17.5,0.619,1.53,6239.1,4562.8,0.111,False
BGW-01,3,2026-08-18 20:28:21.398481,106,69.23,88.76,354.18,5.58,17.17,0.621,1.54,6245.5,4552.8,0.113,False
BGW-01,3,2026-08-19 20:28:21.398481,107,68.87,88.3,360.91,5.57,16.84,0.623,1.55,6252.1,4542.7,0.115,False
BGW-01,3,2026-08-20 20:28:21.398481,108,68.52,87.84,367.7,5.56,16.52,0.625,1.56,6258.7,4532.6,0.117,False
BGW-01,3,2026-08-21 20:28:21.398481,109,68.17,87.39,374.55,5.55,16.21,0.627,1.57,6265.3,4522.3,0.119,False
BGW-01,3,2026-08-22 20:28:21.398481,110,67.82,86.95,381.47,5.54,15.91,0.629,1.58,6272.0,4512.0,0.121,False
BGW-01,3,2026-08-23 20:28:21.398481,111,67.48,86.51,388.44,5.53,15.61,0.631,1.6,6278.8,4501.6,0.123,False
BGW-01,3,2026-08-24 20:28:21.398481,112,67.14,86.07,395.48,5.52,15.31,0.633,1.61,6285.5,4491.2,0.125,False
BGW-01,3,2026-08-25 20:28:21.398481,113,66.8,85.65,402.58,5.51,15.02,0.635,1.62,6292.4,4480.6,0.127,False
BGW-01,3,2026-08-26 20:28:21.398481,114,66.47,85.22,409.74,5.5,14.74,0.638,1.63,6299.3,4470.0,0.129,False
BGW-01,3,2026-08-27 20:28:21.398481,115,66.15,84.8,416.95,4.13,14.46,0.64,1.06,6196.3,4627.2,0.099,False
BGW-01,3,2026-08-28 20:28:21.398481,116,65.82,84.39,424.22,4.13,14.19,0.642,1.07,6201.8,4618.7,0.101,False
BGW-01,3,2026-08-29 20:28:21.398481,117,65.51,83.98,431.55,4.12,13.93,0.644,1.08,6207.3,4610.2,0.102,False
BGW-01,3,2026-08-30 20:28:21.398481,118,65.19,83.58,438.94,4.12,13.67,0.646,1.09,6212.9,4601.6,0.104,False
BGW-01,3,2026-08-31 20:28:21.398481,119,64.88,83.18,446.38,4.12,13.41,0.648,1.1,6218.5,4593.0,0.106,False
BGW-01,3,2026-09-01 20:28:21.398481,120,64.57,82.79,453.88,4.12,13.16,0.65,1.1,6224.2,4584.3,0.107,False
BGW-04,4,2026-05-05 20:28:21.435484,1,179.53,230.17,8.24,6.8,17.62,0.832,2.08,6625.3,5097.5,0.007,False
BGW-04,4,2026-05-06 20:28:21.435484,2,174.5,223.71,9.27,6.8,22.57,0.787,2.02,6580.7,5095.7,0.008,False
BGW-04,4,2026-05-07 20:28:21.435484,3,170.44,218.51,10.19,6.8,27.35,0.745,1.96,6538.0,5094.0,0.008,False
BGW-04,4,2026-05-08 20:28:21.435484,4,166.9,213.98,11.09,6.8,31.95,0.705,1.91,6497.3,5092.4,0.008,False
BGW-04,4,2026-05-09 20:28:21.435484,5,163.72,209.9,11.98,6.8,36.35,0.667,1.86,6458.4,5090.8,0.009,False
BGW-04,4,2026-05-10 20:28:21.435484,6,160.8,206.16,12.87,6.8,40.57,0.631,1.81,6421.3,5089.1,0.009,False
BGW-04,4,2026-05-11 20:28:21.435484,7,158.09,202.68,13.77,6.8,44.59,0.596,1.76,6385.9,5087.5,0.009,False
BGW-04,4,2026-05-12 20:28:21.435484,8,155.54,199.41,14.69,6.8,48.42,0.564,1.72,6352.1,5085.9,0.01,False
BGW-04,4,2026-05-13 20:28:21.435484,9,153.13,196.32,15.63,6.8,52.06,0.534,1.67,6319.9,5084.2,0.01,False
BGW-04,4,2026-05-14 20:28:21.435484,10,150.85,193.4,16.59,6.8,55.51,0.505,1.63,6289.2,5082.4,0.01,False
BGW-04,4,2026-05-15 20:28:21.435484,11,148.67,190.6,17.58,6.8,58.77,0.478,1.59,6260.0,5080.6,0.011,False
BGW-04,4,2026-05-16 20:28:21.435484,12,146.59,187.94,18.59,6.8,59.22,0.475,1.56,6232.1,5078.8,0.011,False
BGW-04,4,2026-05-17 20:28:21.435484,13,144.59,185.38,19.63,6.8,59.11,0.477,1.52,6205.6,5076.9,0.011,False
BGW-04,4,2026-05-18 20:28:21.435484,14,142.68,182.92,20.7,6.8,58.96,0.479,1.49,6180.3,5075.0,0.012,False
BGW-04,4,2026-05-19 20:28:21.435484,15,140.83,180.55,21.81,6.8,58.78,0.481,1.46,6156.2,5073.0,0.012,False
BGW-04,4,2026-05-20 20:28:21.435484,16,139.05,178.27,22.94,6.8,58.56,0.483,1.43,6133.4,5070.9,0.012,False
BGW-04,4,2026-05-21 20:28:21.435484,17,137.33,176.06,24.11,6.8,58.3,0.485,1.4,6111.6,5068.8,0.013,False
BGW-04,4,2026-05-22 20:28:21.435484,18,135.67,173.93,25.32,6.8,58.02,0.488,1.38,6090.9,5066.6,0.013,False
BGW-04,4,2026-05-23 20:28:21.435484,19,134.05,171.86,26.56,6.8,57.7,0.49,1.35,6071.2,5064.4,0.014,False
BGW-04,4,2026-05-24 20:28:21.435484,20,132.49,169.86,27.84,6.8,57.36,0.492,1.33,6052.5,5062.1,0.014,False
BGW-04,4,2026-05-25 20:28:21.435484,21,130.97,167.92,29.15,6.8,56.99,0.494,1.3,6034.8,5059.7,0.015,False
BGW-04,4,2026-05-26 20:28:21.435484,22,129.5,166.03,30.51,6.8,56.6,0.496,1.28,6017.9,5057.3,0.015,False
BGW-04,4,2026-05-27 20:28:21.435484,23,128.07,164.19,31.9,6.8,56.18,0.498,1.26,6001.9,5054.7,0.016,False
BGW-04,4,2026-05-28 20:28:21.435484,24,126.67,162.4,33.34,6.8,55.74,0.5,1.25,5986.8,5052.1,0.016,False
BGW-04,4,2026-05-29 20:28:21.435484,25,125.32,160.66,34.82,6.8,55.28,0.502,1.23,5972.5,5049.5,0.017,False
BGW-04,4,2026-05-30 20:28:21.435484,26,123.99,158.97,36.34,6.8,54.8,0.504,1.21,5958.9,5046.7,0.017,False
BGW-04,4,2026-05-31 20:28:21.435484,27,122.7,157.31,37.91,6.8,54.3,0.506,1.2,5946.0,5043.9,0.018,False
BGW-04,4,2026-06-01 20:28:21.435484,28,121.44,155.7,39.52,6.8,53.78,0.508,1.18,5933.9,5041.0,0.018,False
BGW-04,4,2026-06-02 20:28:21.435484,29,120.22,154.12,41.17,6.8,53.24,0.51,1.18,5931.3,5038.0,0.019,False
BGW-04,4,2026-06-03 20:28:21.435484,30,119.02,152.58,42.87,6.8,52.69,0.512,1.19,5933.2,5034.9,0.019,False
BGW-04,4,2026-06-04 20:28:21.435484,31,117.84,151.08,44.62,6.8,52.13,0.515,1.19,5935.3,5031.8,0.02,False
BGW-04,4,2026-06-05 20:28:21.435484,32,116.7,149.61,46.42,6.8,51.55,0.517,1.2,5937.4,5028.5,0.021,False
BGW-04,4,2026-06-06 20:28:21.435484,33,115.58,148.17,48.27,6.8,50.96,0.519,1.21,5939.6,5025.2,0.021,False
BGW-04,4,2026-06-07 20:28:21.435484,34,114.48,146.77,50.17,6.8,50.36,0.521,1.21,5941.8,5021.7,0.022,False
BGW-04,4,2026-06-08 20:28:21.435484,35,113.4,145.39,52.11,6.8,49.75,0.523,1.22,5944.1,5018.2,0.023,False
BGW-04,4,2026-06-09 20:28:21.435484,36,112.35,144.04,54.11,6.8,49.13,0.525,1.23,5946.4,5014.6,0.023,False
BGW-04,4,2026-06-10 20:28:21.435484,37,111.32,142.72,56.16,6.8,48.51,0.527,1.23,5948.9,5010.8,0.024,False
BGW-04,4,2026-06-11 20:28:21.435484,38,110.31,141.43,58.27,6.8,47.87,0.529,1.24,5951.9,5006.1,0.025,False
BGW-04,4,2026-06-12 20:28:21.435484,39,109.32,140.16,60.42,6.8,47.23,0.531,1.25,5955.0,5001.4,0.026,False
BGW-04,4,2026-06-13 20:28:21.435484,40,108.35,138.91,62.64,6.8,46.59,0.533,1.26,5958.2,4996.5,0.027,False
BGW-04,4,2026-06-14 20:28:21.435484,41,107.4,137.69,64.9,6.8,45.94,0.535,1.27,5961.4,4991.5,0.028,False
BGW-04,4,2026-06-15 20:28:21.435484,42,106.47,136.5,67.23,6.8,45.28,0.538,1.28,5964.8,4986.3,0.029,False
BGW-04,4,2026-06-16 20:28:21.435484,43,105.55,135.32,69.61,6.8,44.63,0.54,1.29,5968.2,4981.1,0.03,False
BGW-04,4,2026-06-17 20:28:21.435484,44,104.65,134.17,72.05,6.8,43.97,0.542,1.3,5971.7,4975.7,0.031,False
BGW-04,4,2026-06-18 20:28:21.435484,45,103.77,133.04,74.55,6.8,43.31,0.544,1.31,5975.3,4970.2,0.032,False
BGW-04,4,2026-06-19 20:28:21.435484,46,102.9,131.93,77.1,6.8,42.65,0.546,1.32,5978.9,4964.5,0.033,False
BGW-04,4,2026-06-20 20:28:21.435484,47,102.05,130.84,79.72,6.8,41.99,0.548,1.33,5982.7,4958.7,0.034,False
BGW-04,4,2026-06-21 20:28:21.435484,48,101.21,129.76,82.4,6.8,41.33,0.55,1.34,5986.5,4952.8,0.035,False
BGW-04,4,2026-06-22 20:28:21.435484,49,100.39,128.71,85.13,6.8,40.67,0.552,1.35,5990.4,4946.8,0.037,False
BGW-04,4,2026-06-23 20:28:21.435484,50,99.58,127.67,87.93,6.8,40.01,0.554,1.36,5994.5,4940.6,0.038,False
BGW-04,4,2026-06-24 20:28:21.435484,51,98.79,126.65,90.79,6.8,39.36,0.556,1.37,5998.6,4934.3,0.039,False
BGW-04,4,2026-06-25 20:28:21.435484,52,98.01,125.65,93.72,6.8,38.71,0.558,1.38,6002.8,4927.8,0.04,False
BGW-04,4,2026-06-26 20:28:21.435484,53,97.24,124.67,96.71,6.8,38.06,0.56,1.4,6007.1,4921.2,0.042,False
BGW-04,4,2026-06-27 20:28:21.435484,54,96.49,123.7,99.76,6.8,37.41,0.562,1.41,6011.4,4914.4,0.043,False
BGW-04,4,2026-06-28 20:28:21.435484,55,95.74,122.75,102.88,6.8,36.77,0.565,1.42,6015.9,4907.6,0.044,False
BGW-04,4,2026-06-29 20:28:21.435484,56,95.01,121.81,106.06,6.8,36.14,0.567,1.43,6020.5,4900.5,0.046,False
BGW-04,4,2026-06-30 20:28:21.435484,57,94.29,120.89,109.31,6.8,35.51,0.569,1.45,6025.2,4893.3,0.047,False
BGW-04,4,2026-07-01 20:28:21.435484,58,93.58,119.98,112.62,6.8,34.88,0.571,1.46,6029.9,4886.0,0.048,False
BGW-04,4,2026-07-02 20:28:21.435484,59,92.89,119.09,116.0,6.8,34.26,0.573,1.47,6034.8,4878.6,0.05,False
BGW-04,4,2026-07-03 20:28:21.435484,60,92.2,118.21,119.45,6.8,33.65,0.575,1.49,6039.7,4870.9,0.051,False
BGW-04,4,2026-07-04 20:28:21.435484,61,91.53,117.34,122.96,6.8,33.04,0.577,1.5,6044.8,4863.2,0.053,False
BGW-04,4,2026-07-05 20:28:21.435484,62,90.86,116.49,126.55,6.8,32.44,0.579,1.52,6049.9,4855.2,0.054,False
BGW-04,4,2026-07-06 20:28:21.435484,63,90.21,115.65,130.2,6.8,31.84,0.581,1.53,6055.2,4847.2,0.056,False
BGW-04,4,2026-07-07 20:28:21.435484,64,89.56,114.82,133.92,6.8,31.25,0.583,1.55,6060.5,4838.9,0.058,False
BGW-04,4,2026-07-08 20:28:21.435484,65,88.92,114.01,137.71,6.8,30.67,0.585,1.56,6066.0,4830.6,0.059,False
BGW-04,4,2026-07-09 20:28:21.435484,66,88.3,113.2,141.57,6.8,30.1,0.588,1.58,6071.5,4822.0,0.061,False
BGW-04,4,2026-07-10 20:28:21.435484,67,87.68,112.41,145.5,6.8,29.53,0.59,1.59,6077.1,4813.4,0.063,False
BGW-04,4,2026-07-11 20:28:21.435484,68,87.07,111.63,149.5,6.8,28.98,0.592,1.61,6082.9,4804.5,0.064,False
BGW-04,4,2026-07-12 20:28:21.435484,69,86.48,110.87,153.57,6.8,28.43,0.594,1.63,6088.7,4795.5,0.066,False
BGW-04,4,2026-07-13 20:28:21.435484,70,85.88,110.11,157.72,6.8,27.88,0.596,1.64,6094.7,4786.4,0.068,False
BGW-04,4,2026-07-14 20:28:21.435484,71,85.3,109.36,161.93,6.8,27.35,0.598,1.66,6100.7,4777.1,0.07,False
BGW-04,4,2026-07-15 20:28:21.435484,72,84.73,108.63,166.21,6.8,26.82,0.6,1.68,6106.9,4767.6,0.072,False
BGW-04,4,2026-07-16 20:28:21.435484,73,84.16,107.9,170.57,6.8,26.3,0.602,1.7,6113.1,4758.0,0.073,False
BGW-04,4,2026-07-17 20:28:21.435484,74,83.61,107.19,174.99,6.8,25.79,0.604,1.71,6119.5,4748.2,0.075,False
BGW-04,4,2026-07-18 20:28:21.435484,75,83.06,106.48,179.49,6.8,25.29,0.606,1.73,6126.0,4738.2,0.077,False
BGW-04,4,2026-07-19 20:28:21.435484,76,82.52,105.79,184.06,6.8,24.8,0.608,1.75,6132.5,4728.2,0.079,False
BGW-04,4,2026-07-20 20:28:21.435484,77,81.98,105.11,188.71,6.8,24.31,0.61,1.77,6139.2,4717.9,0.081,False
BGW-04,4,2026-07-21 20:28:21.435484,78,81.46,104.43,193.42,6.8,23.83,0.612,1.79,6146.0,4707.5,0.083,False
BGW-04,4,2026-07-22 20:28:21.435484,79,80.94,103.76,198.21,6.8,23.36,0.615,1.81,6152.8,4696.9,0.085,False
BGW-04,4,2026-07-23 20:28:21.435484,80,80.42,103.11,203.06,6.8,22.9,0.617,1.83,6159.8,4686.2,0.087,False
BGW-04,4,2026-07-24 20:28:21.435484,81,79.92,102.46,207.99,6.8,22.45,0.619,1.85,6166.9,4675.3,0.09,False
BGW-04,4,2026-07-25 20:28:21.435484,82,79.42,101.82,213.0,6.8,22.0,0.621,1.87,6174.1,4664.2,0.092,False
BGW-04,4,2026-07-26 20:28:21.435484,83,78.93,101.19,218.07,6.8,21.57,0.623,1.89,6181.4,4653.0,0.094,False
BGW-04,4,2026-07-27 20:28:21.435484,84,78.44,100.57,223.22,6.8,21.14,0.625,1.91,6188.8,4641.6,0.096,False
BGW-04,4,2026-07-28 20:28:21.435484,85,77.96,99.95,228.43,6.8,20.72,0.627,1.93,6196.3,4630.1,0.098,False
BGW-04,4,2026-07-29 20:28:21.435484,86,77.49,99.35,233.72,6.8,20.3,0.629,1.95,6203.9,4618.4,0.101,False
BGW-04,4,2026-07-30 20:28:21.435484,87,77.03,98.75,239.09,6.8,19.9,0.631,1.97,6211.6,4606.6,0.103,False
BGW-04,4,2026-07-31 20:28:21.435484,88,76.57,98.16,244.52,6.8,19.5,0.633,1.99,6219.4,4594.6,0.105,False
BGW-04,4,2026-08-01 20:28:21.435484,89,76.11,97.58,250.02,6.8,19.11,0.635,2.02,6227.3,4582.4,0.108,False
BGW-04,4,2026-08-02 20:28:21.435484,90,75.66,97.01,255.6,6.8,18.72,0.638,2.04,6235.3,4570.1,0.11,False
BGW-04,4,2026-08-03 20:28:21.435484,91,75.22,96.44,261.24,6.8,18.35,0.64,2.06,6243.4,4557.6,0.112,False
BGW-04,4,2026-08-04 20:28:21.435484,92,74.79,95.88,266.96,6.8,17.98,0.642,2.08,6251.6,4545.0,0.115,False
BGW-04,4,2026-08-05 20:28:21.435484,93,74.36,95.33,272.74,6.8,17.62,0.644,2.11,6259.9,4532.2,0.117,False
BGW-04,4,2026-08-06 20:28:21.435484,94,73.93,94.78,278.6,6.8,17.27,0.646,2.13,6268.3,4519.2,0.12,False
BGW-04,4,2026-08-07 20:28:21.435484,95,73.51,94.24,284.53,6.8,16.92,0.648,2.16,6276.8,4506.2,0.122,False
BGW-04,4,2026-08-08 20:28:21.435484,96,73.1,93.71,290.52,6.8,16.58,0.65,2.18,6285.4,4492.9,0.125,False
BGW-04,4,2026-08-09 20:28:21.435484,97,72.69,93.19,296.58,6.8,16.25,0.652,2.2,6294.1,4479.5,0.128,False
BGW-04,4,2026-08-10 20:28:21.435484,98,72.28,92.67,302.72,6.8,15.92,0.654,2.23,6303.0,4466.0,0.13,False
BGW-04,4,2026-08-11 20:28:21.435484,99,71.89,92.16,308.92,6.8,15.6,0.656,2.25,6311.9,4452.3,0.133,False
BGW-04,4,2026-08-12 20:28:21.435484,100,71.49,91.66,315.18,6.8,15.29,0.658,2.28,6320.9,4438.4,0.136,False
BGW-04,4,2026-08-13 20:28:21.435484,101,71.1,91.16,321.52,6.8,14.98,0.66,2.31,6330.0,4424.4,0.138,False
BGW-04,4,2026-08-14 20:28:21.435484,102,70.72,90.67,327.92,6.8,14.68,0.662,2.33,6339.2,4410.3,0.141,False
BGW-04,4,2026-08-15 20:28:21.435484,103,70.34,90.18,334.39,6.8,14.39,0.665,2.36,6348.4,4396.0,0.144,False
BGW-04,4,2026-08-16 20:28:21.435484,104,69.97,89.7,340.92,6.8,14.1,0.667,2.38,6357.8,4381.5,0.147,False
BGW-04,4,2026-08-17 20:28:21.435484,105,69.6,89.23,347.52,6.8,13.82,0.669,2.41,6367.3,4366.9,0.15,False
BGW-04,4,2026-08-18 20:28:21.435484,106,69.23,88.76,354.18,6.8,13.54,0.671,2.44,6376.9,4352.2,0.152,False
BGW-04,4,2026-08-19 20:28:21.435484,107,68.87,88.3,360.91,6.8,13.27,0.673,2.46,6386.5,4337.4,0.155,False
BGW-04,4,2026-08-20 20:28:21.435484,108,68.52,87.84,367.7,6.8,13.01,0.675,2.49,6396.3,4322.4,0.158,False
BGW-04,4,2026-08-21 20:28:21.435484,109,68.17,87.39,374.55,6.8,12.75,0.677,2.52,6406.1,4307.2,0.161,False
BGW-04,4,2026-08-22 20:28:21.435484,110,67.82,86.95,381.47,6.8,12.49,0.679,2.55,6416.1,4291.9,0.164,False
BGW-04,4,2026-08-23 20:28:21.435484,111,67.48,86.51,388.44,6.8,12.24,0.681,2.58,6426.1,4276.5,0.167,False
BGW-04,4,2026-08-24 20:28:21.435484,112,67.14,86.07,395.48,6.8,12.0,0.683,2.6,6436.2,4261.0,0.17,False
BGW-04,4,2026-08-25 20:28:21.435484,113,66.8,85.65,402.58,6.8,11.76,0.685,2.63,6446.4,4245.3,0.173,False
BGW-04,4,2026-08-26 20:28:21.435484,114,66.47,85.22,409.74,6.8,11.53,0.688,2.66,6456.7,4229.5,0.176,False
BGW-04,4,2026-08-27 20:28:21.435484,115,66.15,84.8,416.95,6.8,11.3,0.69,2.69,6467.0,4213.5,0.179,False
BGW-04,4,2026-08-28 20:28:21.435484,116,65.82,84.39,424.22,6.8,11.08,0.692,2.72,6477.5,4197.5,0.183,False
BGW-04,4,2026-08-29 20:28:21.435484,117,65.51,83.98,431.55,6.8,10.86,0.694,2.75,6488.0,4181.3,0.186,False
BGW-04,4,2026-08-30 20:28:21.435484,118,65.19,83.58,438.94,6.8,10.64,0.696,2.78,6498.6,4164.9,0.189,False
BGW-04,4,2026-08-31 20:28:21.435484,119,64.88,83.18,446.38,6.8,10.43,0.698,2.81,6509.3,4148.5,0.192,False
BGW-04,4,2026-09-01 20:28:21.435484,120,64.57,82.79,453.88,6.8,10.23,0.7,2.84,6520.1,4131.9,0.195,False
BGW-07,2,2026-05-05 20:28:21.469908,1,179.53,230.17,8.24,5.5,20.72,0.832,1.04,6142.4,5101.5,0.007,False
BGW-07,2,2026-05-06 20:28:21.469908,2,174.5,223.71,9.27,5.5,26.5,0.787,0.99,6097.5,5100.1,0.007,False
BGW-07,2,2026-05-07 20:28:21.469908,3,170.44,218.51,10.19,5.5,32.06,0.745,0.95,6054.7,5098.9,0.007,False
BGW-07,2,2026-05-08 20:28:21.469908,4,166.9,213.98,11.09,5.5,37.39,0.705,0.91,6013.7,5097.7,0.007,False
BGW-07,2,2026-05-09 20:28:21.469908,5,163.72,209.9,11.98,5.5,42.5,0.667,0.87,5974.6,5096.5,0.007,False
BGW-07,2,2026-05-10 20:28:21.469908,6,160.8,206.16,12.87,5.5,47.37,0.631,0.83,5937.3,5095.3,0.008,False
BGW-07,2,2026-05-11 20:28:21.469908,7,158.09,202.68,13.77,5.5,52.01,0.596,0.8,5901.6,5094.1,0.008,False
BGW-07,2,2026-05-12 20:28:21.469908,8,155.54,199.41,14.69,5.5,56.43,0.564,0.79,5894.7,5092.9,0.008,False
BGW-07,2,2026-05-13 20:28:21.469908,9,153.13,196.32,15.63,5.5,60.61,0.534,0.8,5895.5,5091.7,0.008,False
BGW-07,2,2026-05-14 20:28:21.469908,10,150.85,193.4,16.59,5.5,64.58,0.505,0.8,5896.3,5090.4,0.009,False
BGW-07,2,2026-05-15 20:28:21.469908,11,148.67,190.6,17.58,5.5,68.32,0.478,0.8,5897.1,5089.1,0.009,False
BGW-07,2,2026-05-16 20:28:21.469908,12,146.59,187.94,18.59,5.5,71.85,0.452,0.8,5898.0,5087.8,0.009,False
BGW-07,2,2026-05-17 20:28:21.469908,13,144.59,185.38,19.63,5.5,75.17,0.427,0.8,5898.9,5086.4,0.009,False
BGW-07,2,2026-05-18 20:28:21.469908,14,142.68,182.92,20.7,5.5,78.28,0.404,0.8,5899.8,5084.9,0.01,False
BGW-07,2,2026-05-19 20:28:21.469908,15,140.83,180.55,21.81,5.5,81.2,0.382,0.81,5900.8,5083.5,0.01,False
BGW-07,2,2026-05-20 20:28:21.469908,16,139.05,178.27,22.94,5.5,81.08,0.383,0.81,5901.7,5082.0,0.01,False
BGW-07,2,2026-05-21 20:28:21.469908,17,137.33,176.06,24.11,5.5,80.76,0.385,0.81,5902.7,5080.4,0.011,False
BGW-07,2,2026-05-22 20:28:21.469908,18,135.67,173.93,25.32,5.5,80.41,0.387,0.81,5903.8,5078.8,0.011,False
BGW-07,2,2026-05-23 20:28:21.469908,19,134.05,171.86,26.56,5.5,80.02,0.39,0.81,5904.8,5077.2,0.011,False
BGW-07,2,2026-05-24 20:28:21.469908,20,132.49,169.86,27.84,5.5,79.59,0.392,0.82,5905.9,5075.5,0.012,False
BGW-07,2,2026-05-25 20:28:21.469908,21,130.97,167.92,29.15,5.5,79.13,0.394,0.82,5907.0,5073.7,0.012,False
BGW-07,2,2026-05-26 20:28:21.469908,22,129.5,166.03,30.51,5.5,78.64,0.396,0.82,5908.2,5071.9,0.012,False
BGW-07,2,2026-05-27 20:28:21.469908,23,128.07,164.19,31.9,5.5,78.12,0.398,0.82,5909.4,5070.1,0.013,False
BGW-07,2,2026-05-28 20:28:21.469908,24,126.67,162.4,33.34,5.5,77.57,0.4,0.83,5910.6,5068.2,0.013,False
BGW-07,2,2026-05-29 20:28:21.469908,25,125.32,160.66,34.82,5.5,76.99,0.402,0.83,5911.9,5066.2,0.013,False
BGW-07,2,2026-05-30 20:28:21.469908,26,123.99,158.97,36.34,5.5,76.39,0.404,0.83,5913.2,5064.2,0.014,False
BGW-07,2,2026-05-31 20:28:21.469908,27,122.7,157.31,37.91,5.5,75.76,0.406,0.83,5914.6,5062.1,0.014,False
BGW-07,2,2026-06-01 20:28:21.469908,28,121.44,155.7,39.52,5.5,75.11,0.408,0.84,5915.9,5060.0,0.015,False
BGW-07,2,2026-06-02 20:28:21.469908,29,120.22,154.12,41.17,5.5,74.44,0.41,0.84,5917.4,5057.8,0.015,False
BGW-07,2,2026-06-03 20:28:21.469908,30,119.02,152.58,42.87,5.5,73.75,0.412,0.84,5918.8,5055.5,0.015,False
BGW-07,2,2026-06-04 20:28:21.469908,31,117.84,151.08,44.62,5.5,73.04,0.415,0.85,5920.3,5053.2,0.016,False
BGW-07,2,2026-06-05 20:28:21.469908,32,116.7,149.61,46.42,5.5,72.31,0.417,0.85,5921.9,5050.8,0.016,False
BGW-07,2,2026-06-06 20:28:21.469908,33,115.58,148.17,48.27,5.5,71.56,0.419,0.85,5923.5,5048.4,0.017,False
BGW-07,2,2026-06-07 20:28:21.469908,34,114.48,146.77,50.17,5.5,70.8,0.421,0.86,5925.1,5045.9,0.017,False
BGW-07,2,2026-06-08 20:28:21.469908,35,113.4,145.39,52.11,5.5,70.03,0.423,0.86,5926.8,5043.3,0.018,False
BGW-07,2,2026-06-09 20:28:21.469908,36,112.35,144.04,54.11,5.5,69.24,0.425,0.86,5928.5,5040.6,0.018,False
BGW-07,2,2026-06-10 20:28:21.469908,37,111.32,142.72,56.16,5.5,68.44,0.427,0.87,5930.3,5037.9,0.019,False
BGW-07,2,2026-06-11 20:28:21.469908,38,110.31,141.43,58.27,5.5,67.64,0.429,0.87,5932.1,5035.1,0.019,False
BGW-07,2,2026-06-12 20:28:21.469908,39,109.32,140.16,60.42,5.5,66.82,0.431,0.87,5933.9,5032.3,0.02,False
BGW-07,2,2026-06-13 20:28:21.469908,40,108.35,138.91,62.64,5.5,65.99,0.433,0.88,5935.8,5029.3,0.021,False
BGW-07,2,2026-06-14 20:28:21.469908,41,107.4,137.69,64.9,5.5,65.16,0.435,0.88,5937.8,5026.3,0.021,False
BGW-07,2,2026-06-15 20:28:21.469908,42,106.47,136.5,67.23,5.5,64.32,0.438,0.89,5939.8,5023.3,0.022,False
BGW-07,2,2026-06-16 20:28:21.469908,43,105.55,135.32,69.61,5.5,63.47,0.44,0.89,5941.8,5020.1,0.022,False
BGW-07,2,2026-06-17 20:28:21.469908,44,104.65,134.17,72.05,5.5,62.62,0.442,0.9,5943.9,5016.9,0.023,False
BGW-07,2,2026-06-18 20:28:21.469908,45,103.77,133.04,74.55,5.5,61.77,0.444,0.9,5946.1,5013.5,0.024,False
BGW-07,2,2026-06-19 20:28:21.469908,46,102.9,131.93,77.1,5.5,60.92,0.446,0.9,5948.5,5009.9,0.024,False
BGW-07,2,2026-06-20 20:28:21.469908,47,102.05,130.84,79.72,5.5,60.06,0.448,0.91,5951.2,5005.6,0.025,False
BGW-07,2,2026-06-21 20:28:21.469908,48,101.21,129.76,82.4,5.5,59.2,0.45,0.92,5954.0,5001.3,0.026,False
BGW-07,2,2026-06-22 20:28:21.469908,49,100.39,128.71,85.13,5.5,58.34,0.452,0.92,5956.9,4996.9,0.027,False
BGW-07,2,2026-06-23 20:28:21.469908,50,99.58,127.67,87.93,5.5,57.48,0.454,0.93,5959.8,4992.3,0.028,False
BGW-07,2,2026-06-24 20:28:21.469908,51,98.79,126.65,90.79,5.5,56.63,0.456,0.93,5962.9,4987.7,0.029,False
BGW-07,2,2026-06-25 20:28:21.469908,52,98.01,125.65,93.72,5.5,55.77,0.458,0.94,5965.9,4982.9,0.03,False
BGW-07,2,2026-06-26 20:28:21.469908,53,97.24,124.67,96.71,5.5,54.92,0.46,0.95,5969.1,4978.1,0.031,False
BGW-07,2,2026-06-27 20:28:21.469908,54,96.49,123.7,99.76,5.5,54.07,0.462,0.95,5972.3,4973.1,0.032,False
BGW-07,2,2026-06-28 20:28:21.469908,55,95.74,122.75,102.88,5.5,53.23,0.465,0.96,5975.6,4968.1,0.032,False
BGW-07,2,2026-06-29 20:28:21.469908,56,95.01,121.81,106.06,5.5,52.39,0.467,0.97,5978.9,4962.9,0.033,False
BGW-07,2,2026-06-30 20:28:21.469908,57,94.29,120.89,109.31,5.5,51.55,0.469,0.97,5982.3,4957.7,0.035,False
BGW-07,2,2026-07-01 20:28:21.469908,58,93.58,119.98,112.62,5.5,50.72,0.471,0.98,5985.8,4952.3,0.036,False
BGW-07,2,2026-07-02 20:28:21.469908,59,92.89,119.09,116.0,5.5,49.9,0.473,0.99,5989.4,4946.8,0.037,False
BGW-07,2,2026-07-03 20:28:21.469908,60,92.2,118.21,119.45,5.5,49.08,0.475,1.0,5993.0,4941.2,0.038,False
BGW-07,2,2026-07-04 20:28:21.469908,61,91.53,117.34,122.96,5.5,48.27,0.477,1.0,5996.7,4935.5,0.039,False
BGW-07,2,2026-07-05 20:28:21.469908,62,90.86,116.49,126.55,5.5,47.47,0.479,1.01,6000.5,4929.7,0.04,False
BGW-07,2,2026-07-06 20:28:21.469908,63,90.21,115.65,130.2,5.5,46.67,0.481,1.02,6004.3,4923.8,0.041,False
BGW-07,2,2026-07-07 20:28:21.469908,64,89.56,114.82,133.92,5.5,45.88,0.483,1.03,6008.3,4917.8,0.042,False
BGW-07,2,2026-07-08 20:28:21.469908,65,88.92,114.01,137.71,5.5,45.1,0.485,1.04,6012.3,4911.6,0.043,False
BGW-07,2,2026-07-09 20:28:21.469908,66,88.3,113.2,141.57,5.5,44.33,0.488,1.05,6016.3,4905.3,0.045,False
BGW-07,2,2026-07-10 20:28:21.469908,67,87.68,112.41,145.5,5.5,43.57,0.49,1.05,6020.5,4899.0,0.046,False
BGW-07,2,2026-07-11 20:28:21.469908,68,87.07,111.63,149.5,5.5,42.81,0.492,1.06,6024.7,4892.5,0.047,False
BGW-07,2,2026-07-12 20:28:21.469908,69,86.48,110.87,153.57,5.5,42.07,0.494,1.07,6029.0,4885.9,0.048,False
BGW-07,2,2026-07-13 20:28:21.469908,70,85.88,110.11,157.72,5.5,41.33,0.496,1.08,6033.3,4879.2,0.05,False
BGW-07,2,2026-07-14 20:28:21.469908,71,85.3,109.36,161.93,5.5,40.61,0.498,1.09,6037.8,4872.3,0.051,False
BGW-07,2,2026-07-15 20:28:21.469908,72,84.73,108.63,166.21,5.5,39.89,0.5,1.1,6042.3,4865.4,0.052,False
BGW-07,2,2026-07-16 20:28:21.469908,73,84.16,107.9,170.57,5.5,39.18,0.502,1.11,6046.9,4858.3,0.054,False
BGW-07,2,2026-07-17 20:28:21.469908,74,83.61,107.19,174.99,5.5,38.48,0.504,1.12,6051.5,4851.2,0.055,False
BGW-07,2,2026-07-18 20:28:21.469908,75,83.06,106.48,179.49,5.5,37.8,0.506,1.13,6056.3,4843.9,0.057,False
BGW-07,2,2026-07-19 20:28:21.469908,76,82.52,105.79,184.06,5.5,37.12,0.508,1.14,6061.1,4836.5,0.058,False
BGW-07,2,2026-07-20 20:28:21.469908,77,81.98,105.11,188.71,5.5,36.45,0.51,1.15,6066.0,4828.9,0.06,False
BGW-07,2,2026-07-21 20:28:21.469908,78,81.46,104.43,193.42,5.5,35.79,0.512,1.16,6071.0,4821.3,0.061,False
BGW-07,2,2026-07-22 20:28:21.469908,79,80.94,103.76,198.21,5.5,35.15,0.515,1.17,6076.0,4813.5,0.063,False
BGW-07,2,2026-07-23 20:28:21.469908,80,80.42,103.11,203.06,5.5,34.51,0.517,1.18,6081.1,4805.6,0.064,False
BGW-07,2,2026-07-24 20:28:21.469908,81,79.92,102.46,207.99,5.5,33.88,0.519,1.19,6086.3,4797.7,0.066,False
BGW-07,2,2026-07-25 20:28:21.469908,82,79.42,101.82,213.0,5.5,33.27,0.521,1.2,6091.6,4789.5,0.067,False
BGW-07,2,2026-07-26 20:28:21.469908,83,78.93,101.19,218.07,5.5,32.66,0.523,1.21,6096.9,4781.3,0.069,False
BGW-07,2,2026-07-27 20:28:21.469908,84,78.44,100.57,223.22,5.5,32.06,0.525,1.22,6102.4,4773.0,0.07,False
BGW-07,2,2026-07-28 20:28:21.469908,85,77.96,99.95,228.43,5.5,31.48,0.527,1.23,6107.9,4764.5,0.072,False
BGW-07,2,2026-07-29 20:28:21.469908,86,77.49,99.35,233.72,5.5,30.9,0.529,1.25,6113.4,4755.9,0.074,False
BGW-07,2,2026-07-30 20:28:21.469908,87,77.03,98.75,239.09,5.5,30.34,0.531,1.26,6119.1,4747.2,0.075,False
BGW-07,2,2026-07-31 20:28:21.469908,88,76.57,98.16,244.52,5.5,29.78,0.533,1.27,6124.8,4738.4,0.077,False
BGW-07,2,2026-08-01 20:28:21.469908,89,76.11,97.58,250.02,5.5,29.23,0.535,1.28,6130.6,4729.5,0.079,False
BGW-07,2,2026-08-02 20:28:21.469908,90,75.66,97.01,255.6,5.5,28.7,0.538,1.29,6136.5,4720.5,0.081,False
BGW-07,2,2026-08-03 20:28:21.469908,91,75.22,96.44,261.24,5.5,28.17,0.54,1.31,6142.4,4711.3,0.082,False
BGW-07,2,2026-08-04 20:28:21.469908,92,74.79,95.88,266.96,5.5,27.65,0.542,1.32,6148.5,4702.1,0.084,False
BGW-07,2,2026-08-05 20:28:21.469908,93,74.36,95.33,272.74,5.5,27.14,0.544,1.33,6154.6,4692.7,0.086,False
BGW-07,2,2026-08-06 20:28:21.469908,94,73.93,94.78,278.6,5.5,26.64,0.546,1.34,6160.7,4683.2,0.088,False
BGW-07,2,2026-08-07 20:28:21.469908,95,73.51,94.24,284.53,5.5,26.15,0.548,1.36,6167.0,4673.6,0.09,False
BGW-07,2,2026-08-08 20:28:21.469908,96,73.1,93.71,290.52,5.5,25.67,0.55,1.37,6173.3,4663.9,0.092,False
BGW-07,2,2026-08-09 20:28:21.469908,97,72.69,93.19,296.58,5.5,25.2,0.552,1.38,6179.7,4654.0,0.094,False
BGW-07,2,2026-08-10 20:28:21.469908,98,72.28,92.67,302.72,5.5,24.74,0.554,1.4,6186.2,4644.1,0.096,False
BGW-07,2,2026-08-11 20:28:21.469908,99,71.89,92.16,308.92,5.5,24.29,0.556,1.41,6192.7,4634.0,0.098,False
BGW-07,2,2026-08-12 20:28:21.469908,100,71.49,91.66,315.18,5.5,23.84,0.558,1.42,6199.3,4623.9,0.1,False
BGW-07,2,2026-08-13 20:28:21.469908,101,71.1,91.16,321.52,5.5,23.41,0.56,1.44,6206.0,4613.6,0.102,False
BGW-07,2,2026-08-14 20:28:21.469908,102,70.72,90.67,327.92,5.5,22.98,0.562,1.45,6212.7,4603.2,0.104,False
BGW-07,2,2026-08-15 20:28:21.469908,103,70.34,90.18,334.39,5.5,22.56,0.565,1.46,6219.5,4592.7,0.106,False
BGW-07,2,2026-08-16 20:28:21.469908,104,69.97,89.7,340.92,5.5,22.15,0.567,1.48,6226.4,4582.1,0.108,False
BGW-07,2,2026-08-17 20:28:21.469908,105,69.6,89.23,347.52,5.5,21.74,0.569,1.49,6233.4,4571.4,0.11,False
BGW-07,2,2026-08-18 20:28:21.469908,106,69.23,88.76,354.18,5.5,21.35,0.571,1.51,6240.4,4560.6,0.112,False
BGW-07,2,2026-08-19 20:28:21.469908,107,68.87,88.3,360.91,5.5,20.96,0.573,1.52,6247.5,4549.7,0.114,False
BGW-07,2,2026-08-20 20:28:21.469908,108,68.52,87.84,367.7,5.5,20.58,0.575,1.54,6254.6,4538.7,0.116,False
BGW-07,2,2026-08-21 20:28:21.469908,109,68.17,87.39,374.55,5.5,20.21,0.577,1.55,6261.9,4527.6,0.118,False
BGW-07,2,2026-08-22 20:28:21.469908,110,67.82,86.95,381.47,5.5,19.84,0.579,1.57,6269.1,4516.4,0.12,False
BGW-07,2,2026-08-23 20:28:21.469908,111,67.48,86.51,388.44,5.5,19.48,0.581,1.58,6276.5,4505.1,0.123,False
BGW-07,2,2026-08-24 20:28:21.469908,112,67.14,86.07,395.48,5.5,19.13,0.583,1.6,6283.9,4493.7,0.125,False
BGW-07,2,2026-08-25 20:28:21.469908,113,66.8,85.65,402.58,5.5,18.79,0.585,1.61,6291.4,4482.2,0.127,False
BGW-07,2,2026-08-26 20:28:21.469908,114,66.47,85.22,409.74,5.5,18.45,0.587,1.63,6298.9,4470.6,0.129,False
BGW-07,2,2026-08-27 20:28:21.469908,115,66.15,84.8,416.95,5.5,18.12,0.59,1.64,6306.5,4458.9,0.132,False
BGW-07,2,2026-08-28 20:28:21.469908,116,65.82,84.39,424.22,5.5,17.8,0.592,1.66,6314.2,4447.1,0.134,False
BGW-07,2,2026-08-29 20:28:21.469908,117,65.51,83.98,431.55,5.5,17.48,0.594,1.68,6321.9,4435.2,0.136,False
BGW-07,2,2026-08-30 20:28:21.469908,118,65.19,83.58,438.94,5.5,17.17,0.596,1.69,6329.7,4423.2,0.139,False
BGW-07,2,2026-08-31 20:28:21.469908,119,64.88,83.18,446.38,5.5,16.86,0.598,1.71,6337.6,4411.1,0.141,False
BGW-07,2,2026-09-01 20:28:21.469908,120,64.57,82.79,453.88,5.5,16.57,0.6,1.72,6345.5,4399.0,0.143,False
BGW-09,5,2026-05-05 20:28:21.492423,1,179.53,230.17,8.24,7.4,16.08,0.832,2.38,6866.0,5097.7,0.007,False
BGW-09,5,2026-05-06 20:28:21.492423,2,174.5,223.71,9.27,7.4,20.63,0.787,2.32,6821.3,5095.9,0.008,False
BGW-09,5,2026-05-07 20:28:21.492423,3,170.44,218.51,10.19,7.4,25.02,0.745,2.26,6778.6,5094.2,0.008,False
BGW-09,5,2026-05-08 20:28:21.492423,4,166.9,213.98,11.09,7.4,29.25,0.705,2.21,6737.8,5092.6,0.008,False
BGW-09,5,2026-05-09 20:28:21.492423,5,163.72,209.9,11.98,7.4,33.32,0.667,2.16,6698.9,5091.0,0.009,False
BGW-09,5,2026-05-10 20:28:21.492423,6,160.8,206.16,12.87,7.4,37.21,0.631,2.11,6661.7,5089.4,0.009,False
BGW-09,5,2026-05-11 20:28:21.492423,7,158.09,202.68,13.77,7.4,40.93,0.596,2.06,6626.2,5087.8,0.009,False
BGW-09,5,2026-05-12 20:28:21.492423,8,155.54,199.41,14.69,7.4,44.48,0.564,2.02,6592.4,5086.2,0.009,False
BGW-09,5,2026-05-13 20:28:21.492423,9,153.13,196.32,15.63,7.4,47.85,0.534,1.98,6560.2,5084.5,0.01,False
BGW-09,5,2026-05-14 20:28:21.492423,10,150.85,193.4,16.59,7.4,49.4,0.521,1.94,6529.4,5082.8,0.01,False
BGW-09,5,2026-05-15 20:28:21.492423,11,148.67,190.6,17.58,7.4,49.38,0.523,1.9,6500.1,5081.0,0.01,False
BGW-09,5,2026-05-16 20:28:21.492423,12,146.59,187.94,18.59,7.4,49.32,0.525,1.86,6472.2,5079.2,0.011,False
BGW-09,5,2026-05-17 20:28:21.492423,13,144.59,185.38,19.63,7.4,49.22,0.527,1.83,6445.7,5077.4,0.011,False
BGW-09,5,2026-05-18 20:28:21.492423,14,142.68,182.92,20.7,7.4,49.1,0.529,1.8,6420.4,5075.5,0.012,False
BGW-09,5,2026-05-19 20:28:21.492423,15,140.83,180.55,21.81,7.4,48.93,0.531,1.76,6396.3,5073.5,0.012,False
BGW-09,5,2026-05-20 20:28:21.492423,16,139.05,178.27,22.94,7.4,48.74,0.533,1.74,6373.3,5071.5,0.012,False
BGW-09,5,2026-05-21 20:28:21.492423,17,137.33,176.06,24.11,7.4,48.52,0.535,1.71,6351.5,5069.4,0.013,False
BGW-09,5,2026-05-22 20:28:21.492423,18,135.67,173.93,25.32,7.4,48.27,0.538,1.68,6330.8,5067.2,0.013,False
BGW-09,5,2026-05-23 20:28:21.492423,19,134.05,171.86,26.56,7.4,48.0,0.54,1.66,6311.1,5065.0,0.014,False
BGW-09,5,2026-05-24 20:28:21.492423,20,132.49,169.86,27.84,7.4,47.7,0.542,1.63,6292.4,5062.7,0.014,False
BGW-09,5,2026-05-25 20:28:21.492423,21,130.97,167.92,29.15,7.4,47.38,0.544,1.61,6274.6,5060.4,0.015,False
BGW-09,5,2026-05-26 20:28:21.492423,22,129.5,166.03,30.51,7.4,47.03,0.546,1.59,6257.7,5058.0,0.015,False
BGW-09,5,2026-05-27 20:28:21.492423,23,128.07,164.19,31.9,7.4,46.66,0.548,1.57,6241.7,5055.5,0.015,False
BGW-09,5,2026-05-28 20:28:21.492423,24,126.67,162.4,33.34,7.4,46.28,0.55,1.55,6226.5,5052.9,0.016,False
BGW-09,5,2026-05-29 20:28:21.492423,25,125.32,160.66,34.82,7.4,45.87,0.552,1.54,6212.1,5050.3,0.016,False
BGW-09,5,2026-05-30 20:28:21.492423,26,123.99,158.97,36.34,7.4,45.45,0.554,1.52,6198.5,5047.6,0.017,False
BGW-09,5,2026-05-31 20:28:21.492423,27,122.7,157.31,37.91,7.4,45.01,0.556,1.51,6185.6,5044.8,0.018,False
BGW-09,5,2026-06-01 20:28:21.492423,28,121.44,155.7,39.52,7.4,44.56,0.558,1.49,6173.4,5041.9,0.018,False
BGW-09,5,2026-06-02 20:28:21.492423,29,120.22,154.12,41.17,7.4,44.09,0.56,1.48,6161.9,5038.9,0.019,False
BGW-09,5,2026-06-03 20:28:21.492423,30,119.02,152.58,42.87,7.4,43.61,0.562,1.47,6151.1,5035.9,0.019,False
BGW-09,5,2026-06-04 20:28:21.492423,31,117.84,151.08,44.62,7.4,43.11,0.565,1.46,6140.8,5032.8,0.02,False
BGW-09,5,2026-06-05 20:28:21.492423,32,116.7,149.61,46.42,7.4,42.61,0.567,1.45,6131.2,5029.6,0.021,False
BGW-09,5,2026-06-06 20:28:21.492423,33,115.58,148.17,48.27,7.4,42.1,0.569,1.44,6122.2,5026.3,0.021,False
BGW-09,5,2026-06-07 20:28:21.492423,34,114.48,146.77,50.17,7.4,41.57,0.571,1.43,6113.7,5022.9,0.022,False
BGW-09,5,2026-06-08 20:28:21.492423,35,113.4,145.39,52.11,7.4,41.04,0.573,1.42,6105.7,5019.4,0.022,False
BGW-09,5,2026-06-09 20:28:21.492423,36,112.35,144.04,54.11,7.4,40.5,0.575,1.41,6098.3,5015.9,0.023,False
BGW-09,5,2026-06-10 20:28:21.492423,37,111.32,142.72,56.16,7.4,39.96,0.577,1.41,6091.3,5012.2,0.024,False
BGW-09,5,2026-06-11 20:28:21.492423,38,110.31,141.43,58.27,7.4,39.41,0.579,1.4,6085.3,5007.8,0.025,False
BGW-09,5,2026-06-12 20:28:21.492423,39,109.32,140.16,60.42,7.4,38.85,0.581,1.4,6079.8,5003.1,0.026,False
BGW-09,5,2026-06-13 20:28:21.492423,40,108.35,138.91,62.64,7.4,38.29,0.583,1.4,6074.8,4998.2,0.027,False
BGW-09,5,2026-06-14 20:28:21.492423,41,107.4,137.69,64.9,7.4,37.73,0.585,1.4,6070.2,4993.3,0.028,False
BGW-09,5,2026-06-15 20:28:21.492423,42,106.47,136.5,67.23,7.4,37.16,0.588,1.4,6066.1,4988.2,0.029,False
BGW-09,5,2026-06-16 20:28:21.492423,43,105.55,135.32,69.61,7.4,36.59,0.59,1.4,6062.3,4983.0,0.03,False
BGW-09,5,2026-06-17 20:28:21.492423,44,104.65,134.17,72.05,7.4,36.03,0.592,1.4,6059.0,4977.7,0.031,False
BGW-09,5,2026-06-18 20:28:21.492423,45,103.77,133.04,74.55,7.4,35.46,0.594,1.4,6056.1,4972.3,0.032,False
BGW-09,5,2026-06-19 20:28:21.492423,46,102.9,131.93,77.1,7.4,34.89,0.596,1.4,6053.5,4966.7,0.033,False
BGW-09,5,2026-06-20 20:28:21.492423,47,102.05,130.84,79.72,7.4,34.32,0.598,1.4,6051.3,4961.0,0.034,False
BGW-09,5,2026-06-21 20:28:21.492423,48,101.21,129.76,82.4,7.4,33.75,0.6,1.4,6049.4,4955.1,0.035,False
BGW-09,5,2026-06-22 20:28:21.492423,49,100.39,128.71,85.13,7.4,33.18,0.602,1.41,6047.9,4949.2,0.036,False
BGW-09,5,2026-06-23 20:28:21.492423,50,99.58,127.67,87.93,7.4,32.62,0.604,1.41,6046.7,4943.1,0.037,False
BGW-09,5,2026-06-24 20:28:21.492423,51,98.79,126.65,90.79,7.4,32.06,0.606,1.42,6045.8,4936.8,0.039,False
BGW-09,5,2026-06-25 20:28:21.492423,52,98.01,125.65,93.72,7.4,31.5,0.608,1.42,6045.2,4930.4,0.04,False
BGW-09,5,2026-06-26 20:28:21.492423,53,97.24,124.67,96.71,7.4,30.94,0.61,1.43,6044.9,4923.9,0.041,False
BGW-09,5,2026-06-27 20:28:21.492423,54,96.49,123.7,99.76,7.4,30.39,0.612,1.43,6045.0,4917.3,0.042,False
BGW-09,5,2026-06-28 20:28:21.492423,55,95.74,122.75,102.88,7.4,29.85,0.615,1.44,6045.3,4910.5,0.044,False
BGW-09,5,2026-06-29 20:28:21.492423,56,95.01,121.81,106.06,7.4,29.3,0.617,1.45,6045.9,4903.5,0.045,False
BGW-09,5,2026-06-30 20:28:21.492423,57,94.29,120.89,109.31,7.4,28.77,0.619,1.46,6046.7,4896.4,0.046,False
BGW-09,5,2026-07-01 20:28:21.492423,58,93.58,119.98,112.62,6.2,28.23,0.621,1.16,6020.8,4929.2,0.04,False
BGW-09,5,2026-07-02 20:28:21.492423,59,92.89,119.09,116.0,6.18,27.7,0.623,1.17,6020.9,4923.6,0.041,False
BGW-09,5,2026-07-03 20:28:21.492423,60,92.2,118.21,119.45,6.16,27.18,0.625,1.17,6021.3,4917.9,0.042,False
BGW-09,5,2026-07-04 20:28:21.492423,61,91.53,117.34,122.96,6.14,26.67,0.627,1.17,6022.0,4912.2,0.043,False
BGW-09,5,2026-07-05 20:28:21.492423,62,90.86,116.49,126.55,6.13,26.16,0.629,1.17,6022.8,4906.3,0.045,False
BGW-09,5,2026-07-06 20:28:21.492423,63,90.21,115.65,130.2,6.11,25.65,0.631,1.17,6023.8,4900.4,0.046,False
BGW-09,5,2026-07-07 20:28:21.492423,64,89.56,114.82,133.92,6.09,25.16,0.633,1.18,6025.0,4894.3,0.047,False
BGW-09,5,2026-07-08 20:28:21.492423,65,88.92,114.01,137.71,6.08,24.66,0.635,1.18,6027.9,4888.1,0.048,False
BGW-09,5,2026-07-09 20:28:21.492423,66,88.3,113.2,141.57,6.06,24.18,0.638,1.19,6032.0,4881.9,0.049,False
BGW-09,5,2026-07-10 20:28:21.492423,67,87.68,112.41,145.5,6.05,23.7,0.64,1.19,6036.1,4875.5,0.051,False
BGW-09,5,2026-07-11 20:28:21.492423,68,87.07,111.63,149.5,6.03,23.23,0.642,1.2,6040.3,4869.1,0.052,False
BGW-09,5,2026-07-12 20:28:21.492423,69,86.48,110.87,153.57,6.02,22.77,0.644,1.21,6044.5,4862.5,0.053,False
BGW-09,5,2026-07-13 20:28:21.492423,70,85.88,110.11,157.72,6.0,22.31,0.646,1.21,6048.8,4855.9,0.054,False
BGW-09,5,2026-07-14 20:28:21.492423,71,85.3,109.36,161.93,5.99,21.86,0.648,1.22,6053.2,4849.2,0.056,False
BGW-09,5,2026-07-15 20:28:21.492423,72,84.73,108.63,166.21,5.97,21.42,0.65,1.23,6057.6,4842.3,0.057,False
BGW-09,5,2026-07-16 20:28:21.492423,73,84.16,107.9,170.57,5.96,20.98,0.652,1.23,6062.1,4835.4,0.058,False
BGW-09,5,2026-07-17 20:28:21.492423,74,83.61,107.19,174.99,5.94,20.56,0.654,1.24,6066.7,4828.3,0.06,False
BGW-09,5,2026-07-18 20:28:21.492423,75,83.06,106.48,179.49,5.93,20.13,0.656,1.25,6071.3,4821.2,0.061,False
BGW-09,5,2026-07-19 20:28:21.492423,76,82.52,105.79,184.06,5.91,19.72,0.658,1.26,6076.0,4813.9,0.063,False
BGW-09,5,2026-07-20 20:28:21.492423,77,81.98,105.11,188.71,5.9,19.31,0.66,1.26,6080.8,4806.6,0.064,False
BGW-09,5,2026-07-21 20:28:21.492423,78,81.46,104.43,193.42,5.89,18.92,0.662,1.27,6085.6,4799.2,0.065,False
BGW-09,5,2026-07-22 20:28:21.492423,79,80.94,103.76,198.21,5.87,18.52,0.665,1.28,6090.5,4791.6,0.067,False
BGW-09,5,2026-07-23 20:28:21.492423,80,80.42,103.11,203.06,5.86,18.14,0.667,1.29,6095.5,4784.0,0.068,False
BGW-09,5,2026-07-24 20:28:21.492423,81,79.92,102.46,207.99,5.85,17.76,0.669,1.3,6100.5,4776.3,0.07,False
BGW-09,5,2026-07-25 20:28:21.492423,82,79.42,101.82,213.0,5.84,17.39,0.671,1.3,6105.5,4768.5,0.071,False
BGW-09,5,2026-07-26 20:28:21.492423,83,78.93,101.19,218.07,5.82,17.03,0.673,1.31,6110.7,4760.5,0.073,False
BGW-09,5,2026-07-27 20:28:21.492423,84,78.44,100.57,223.22,5.81,16.67,0.675,1.32,6115.9,4752.5,0.074,False
BGW-09,5,2026-07-28 20:28:21.492423,85,77.96,99.95,228.43,5.8,16.32,0.677,1.33,6121.2,4744.4,0.076,False
BGW-09,5,2026-07-29 20:28:21.492423,86,77.49,99.35,233.72,5.79,15.98,0.679,1.34,6126.5,4736.2,0.078,False
BGW-09,5,2026-07-30 20:28:21.492423,87,77.03,98.75,239.09,5.77,15.64,0.681,1.35,6131.9,4727.9,0.079,False
BGW-09,5,2026-07-31 20:28:21.492423,88,76.57,98.16,244.52,5.76,15.31,0.683,1.36,6137.3,4719.5,0.081,False
BGW-09,5,2026-08-01 20:28:21.492423,89,76.11,97.58,250.02,5.75,14.99,0.685,1.37,6142.8,4711.0,0.083,False
BGW-09,5,2026-08-02 20:28:21.492423,90,75.66,97.01,255.6,5.74,14.67,0.688,1.37,6148.4,4702.4,0.084,False
BGW-09,5,2026-08-03 20:28:21.492423,91,75.22,96.44,261.24,5.73,14.36,0.69,1.38,6154.0,4693.7,0.086,False
BGW-09,5,2026-08-04 20:28:21.492423,92,74.79,95.88,266.96,5.72,14.05,0.692,1.39,6159.7,4685.0,0.088,False
BGW-09,5,2026-08-05 20:28:21.492423,93,74.36,95.33,272.74,5.71,13.76,0.694,1.4,6165.5,4676.1,0.089,False
BGW-09,5,2026-08-06 20:28:21.492423,94,73.93,94.78,278.6,5.7,13.46,0.696,1.41,6171.3,4667.1,0.091,False
BGW-09,5,2026-08-07 20:28:21.492423,95,73.51,94.24,284.53,5.68,13.18,0.698,1.42,6177.2,4658.1,0.093,False
BGW-09,5,2026-08-08 20:28:21.492423,96,73.1,93.71,290.52,5.67,12.9,0.7,1.43,6183.1,4648.9,0.095,False
BGW-09,5,2026-08-09 20:28:21.492423,97,72.69,93.19,296.58,5.66,12.62,0.702,1.44,6189.1,4639.7,0.096,False
BGW-09,5,2026-08-10 20:28:21.492423,98,72.28,92.67,302.72,5.65,12.36,0.704,1.45,6195.1,4630.4,0.098,False
BGW-09,5,2026-08-11 20:28:21.492423,99,71.89,92.16,308.92,5.64,12.09,0.706,1.46,6201.3,4621.0,0.1,False
BGW-09,5,2026-08-12 20:28:21.492423,100,71.49,91.66,315.18,5.63,11.84,0.708,1.47,6207.4,4611.5,0.102,False
BGW-09,5,2026-08-13 20:28:21.492423,101,71.1,91.16,321.52,5.62,11.59,0.71,1.48,6213.6,4601.9,0.104,False
BGW-09,5,2026-08-14 20:28:21.492423,102,70.72,90.67,327.92,5.61,11.34,0.712,1.5,6219.9,4592.3,0.106,False
BGW-09,5,2026-08-15 20:28:21.492423,103,70.34,90.18,334.39,5.6,11.1,0.715,1.51,6226.2,4582.5,0.108,False
BGW-09,5,2026-08-16 20:28:21.492423,104,69.97,89.7,340.92,5.59,10.86,0.717,1.52,6232.6,4572.7,0.109,False
BGW-09,5,2026-08-17 20:28:21.492423,105,69.6,89.23,347.52,5.58,10.63,0.719,1.53,6239.1,4562.8,0.111,False
BGW-09,5,2026-08-18 20:28:21.492423,106,69.23,88.76,354.18,5.58,10.41,0.721,1.54,6245.5,4552.8,0.113,False
BGW-09,5,2026-08-19 20:28:21.492423,107,68.87,88.3,360.91,5.57,10.18,0.723,1.55,6252.1,4542.7,0.115,False
BGW-09,5,2026-08-20 20:28:21.492423,108,68.52,87.84,367.7,5.56,9.97,0.725,1.56,6258.7,4532.6,0.117,False
BGW-09,5,2026-08-21 20:28:21.492423,109,68.17,87.39,374.55,5.55,9.76,0.727,1.57,6265.3,4522.3,0.119,False
BGW-09,5,2026-08-22 20:28:21.492423,110,67.82,86.95,381.47,5.54,9.55,0.729,1.58,6272.0,4512.0,0.121,False
BGW-09,5,2026-08-23 20:28:21.492423,111,67.48,86.51,388.44,5.53,9.35,0.731,1.6,6278.8,4501.6,0.123,False
BGW-09,5,2026-08-24 20:28:21.492423,112,67.14,86.07,395.48,5.52,9.15,0.733,1.61,6285.5,4491.2,0.125,False
BGW-09,5,2026-08-25 20:28:21.492423,113,66.8,85.65,402.58,5.51,8.95,0.735,1.62,6292.4,4480.6,0.127,False
BGW-09,5,2026-08-26 20:28:21.492423,114,66.47,85.22,409.74,5.5,8.76,0.738,1.63,6299.3,4470.0,0.129,False
BGW-09,5,2026-08-27 20:28:21.492423,115,66.15,84.8,416.95,4.13,8.58,0.74,1.06,6196.3,4627.2,0.099,False
BGW-09,5,2026-08-28 20:28:21.492423,116,65.82,84.39,424.22,4.13,8.4,0.742,1.07,6201.8,4618.7,0.101,False
BGW-09,5,2026-08-29 20:28:21.492423,117,65.51,83.98,431.55,4.12,8.22,0.744,1.08,6207.3,4610.2,0.102,False
BGW-09,5,2026-08-30 20:28:21.492423,118,65.19,83.58,438.94,4.12,8.04,0.746,1.09,6212.9,4601.6,0.104,False
BGW-09,5,2026-08-31 20:28:21.492423,119,64.88,83.18,446.38,4.12,7.87,0.748,1.1,6218.5,4593.0,0.106,False
BGW-09,5,2026-09-01 20:28:21.492423,120,64.57,82.79,453.88,4.12,7.71,0.75,1.1,6224.2,4584.3,0.107,False
BGW-12,2,2026-05-05 20:28:21.526011,1,179.53,230.17,8.24,5.8,20.72,0.832,1.09,6143.0,5100.9,0.007,False
BGW-12,2,2026-05-06 20:28:21.526011,2,174.5,223.71,9.27,5.8,26.5,0.787,1.05,6098.3,5099.4,0.007,False
BGW-12,2,2026-05-07 20:28:21.526011,3,170.44,218.51,10.19,5.8,32.06,0.745,1.0,6055.4,5098.1,0.007,False
BGW-12,2,2026-05-08 20:28:21.526011,4,166.9,213.98,11.09,5.8,37.39,0.705,0.96,6014.5,5096.9,0.007,False
BGW-12,2,2026-05-09 20:28:21.526011,5,163.72,209.9,11.98,5.8,42.5,0.667,0.92,5975.4,5095.7,0.008,False
BGW-12,2,2026-05-10 20:28:21.526011,6,160.8,206.16,12.87,5.8,47.37,0.631,0.88,5938.1,5094.4,0.008,False
BGW-12,2,2026-05-11 20:28:21.526011,7,158.09,202.68,13.77,5.8,52.01,0.596,0.84,5902.5,5093.1,0.008,False
BGW-12,2,2026-05-12 20:28:21.526011,8,155.54,199.41,14.69,5.8,56.43,0.564,0.84,5895.6,5091.9,0.008,False
BGW-12,2,2026-05-13 20:28:21.526011,9,153.13,196.32,15.63,5.8,60.61,0.534,0.84,5896.4,5090.5,0.009,False
BGW-12,2,2026-05-14 20:28:21.526011,10,150.85,193.4,16.59,5.8,64.58,0.505,0.84,5897.3,5089.2,0.009,False
BGW-12,2,2026-05-15 20:28:21.526011,11,148.67,190.6,17.58,5.8,68.32,0.478,0.84,5898.2,5087.8,0.009,False
BGW-12,2,2026-05-16 20:28:21.526011,12,146.59,187.94,18.59,5.8,71.85,0.452,0.85,5899.1,5086.4,0.009,False
BGW-12,2,2026-05-17 20:28:21.526011,13,144.59,185.38,19.63,5.8,75.17,0.427,0.85,5900.0,5085.0,0.01,False
BGW-12,2,2026-05-18 20:28:21.526011,14,142.68,182.92,20.7,5.8,78.28,0.404,0.85,5901.0,5083.5,0.01,False
BGW-12,2,2026-05-19 20:28:21.526011,15,140.83,180.55,21.81,5.8,81.2,0.382,0.85,5902.0,5081.9,0.01,False
BGW-12,2,2026-05-20 20:28:21.526011,16,139.05,178.27,22.94,5.8,81.08,0.383,0.85,5903.0,5080.3,0.011,False
BGW-12,2,2026-05-21 20:28:21.526011,17,137.33,176.06,24.11,5.8,80.76,0.385,0.86,5904.1,5078.7,0.011,False
BGW-12,2,2026-05-22 20:28:21.526011,18,135.67,173.93,25.32,5.8,80.41,0.387,0.86,5905.2,5077.0,0.011,False
BGW-12,2,2026-05-23 20:28:21.526011,19,134.05,171.86,26.56,5.8,80.02,0.39,0.86,5906.3,5075.3,0.012,False
BGW-12,2,2026-05-24 20:28:21.526011,20,132.49,169.86,27.84,5.8,79.59,0.392,0.86,5907.4,5073.5,0.012,False
BGW-12,2,2026-05-25 20:28:21.526011,21,130.97,167.92,29.15,5.8,79.13,0.394,0.87,5908.6,5071.6,0.012,False
BGW-12,2,2026-05-26 20:28:21.526011,22,129.5,166.03,30.51,5.8,78.64,0.396,0.87,5909.8,5069.7,0.013,False
BGW-12,2,2026-05-27 20:28:21.526011,23,128.07,164.19,31.9,5.8,78.12,0.398,0.87,5911.1,5067.8,0.013,False
BGW-12,2,2026-05-28 20:28:21.526011,24,126.67,162.4,33.34,5.8,77.57,0.4,0.88,5912.4,5065.8,0.013,False
BGW-12,2,2026-05-29 20:28:21.526011,25,125.32,160.66,34.82,5.8,76.99,0.402,0.88,5913.8,5063.7,0.014,False
BGW-12,2,2026-05-30 20:28:21.526011,26,123.99,158.97,36.34,5.8,76.39,0.404,0.88,5915.1,5061.6,0.014,False
BGW-12,2,2026-05-31 20:28:21.526011,27,122.7,157.31,37.91,5.8,75.76,0.406,0.88,5916.6,5059.4,0.015,False
BGW-12,2,2026-06-01 20:28:21.526011,28,121.44,155.7,39.52,5.8,75.11,0.408,0.89,5918.0,5057.1,0.015,False
BGW-12,2,2026-06-02 20:28:21.526011,29,120.22,154.12,41.17,5.8,74.44,0.41,0.89,5919.5,5054.8,0.016,False
BGW-12,2,2026-06-03 20:28:21.526011,30,119.02,152.58,42.87,5.8,73.75,0.412,0.89,5921.1,5052.4,0.016,False
BGW-12,2,2026-06-04 20:28:21.526011,31,117.84,151.08,44.62,5.8,73.04,0.415,0.9,5922.7,5050.0,0.017,False
BGW-12,2,2026-06-05 20:28:21.526011,32,116.7,149.61,46.42,5.8,72.31,0.417,0.9,5924.3,5047.5,0.017,False
BGW-12,2,2026-06-06 20:28:21.526011,33,115.58,148.17,48.27,5.8,71.56,0.419,0.9,5926.0,5044.9,0.018,False
BGW-12,2,2026-06-07 20:28:21.526011,34,114.48,146.77,50.17,5.8,70.8,0.421,0.91,5927.7,5042.3,0.018,False
BGW-12,2,2026-06-08 20:28:21.526011,35,113.4,145.39,52.11,5.8,70.03,0.423,0.91,5929.4,5039.5,0.019,False
BGW-12,2,2026-06-09 20:28:21.526011,36,112.35,144.04,54.11,5.8,69.24,0.425,0.92,5931.3,5036.7,0.019,False
BGW-12,2,2026-06-10 20:28:21.526011,37,111.32,142.72,56.16,5.8,68.44,0.427,0.92,5933.1,5033.9,0.02,False
BGW-12,2,2026-06-11 20:28:21.526011,38,110.31,141.43,58.27,5.8,67.64,0.429,0.92,5935.0,5030.9,0.02,False
BGW-12,2,2026-06-12 20:28:21.526011,39,109.32,140.16,60.42,5.8,66.82,0.431,0.93,5937.0,5027.9,0.021,False
BGW-12,2,2026-06-13 20:28:21.526011,40,108.35,138.91,62.64,5.8,65.99,0.433,0.93,5939.0,5024.8,0.021,False
BGW-12,2,2026-06-14 20:28:21.526011,41,107.4,137.69,64.9,5.8,65.16,0.435,0.94,5941.0,5021.6,0.022,False
BGW-12,2,2026-06-15 20:28:21.526011,42,106.47,136.5,67.23,5.8,64.32,0.438,0.94,5943.2,5018.4,0.023,False
BGW-12,2,2026-06-16 20:28:21.526011,43,105.55,135.32,69.61,5.8,63.47,0.44,0.95,5945.3,5015.1,0.023,False
BGW-12,2,2026-06-17 20:28:21.526011,44,104.65,134.17,72.05,5.8,62.62,0.442,0.95,5947.5,5011.6,0.024,False
BGW-12,2,2026-06-18 20:28:21.526011,45,103.77,133.04,74.55,5.8,61.77,0.444,0.96,5950.3,5007.4,0.025,False
BGW-12,2,2026-06-19 20:28:21.526011,46,102.9,131.93,77.1,5.8,60.92,0.446,0.96,5953.1,5003.1,0.026,False
BGW-12,2,2026-06-20 20:28:21.526011,47,102.05,130.84,79.72,5.8,60.06,0.448,0.97,5956.0,4998.6,0.027,False
BGW-12,2,2026-06-21 20:28:21.526011,48,101.21,129.76,82.4,5.8,59.2,0.45,0.98,5959.0,4994.0,0.027,False
BGW-12,2,2026-06-22 20:28:21.526011,49,100.39,128.71,85.13,5.8,58.34,0.452,0.98,5962.0,4989.3,0.028,False
BGW-12,2,2026-06-23 20:28:21.526011,50,99.58,127.67,87.93,5.8,57.48,0.454,0.99,5965.1,4984.5,0.029,False
BGW-12,2,2026-06-24 20:28:21.526011,51,98.79,126.65,90.79,5.8,56.63,0.456,1.0,5968.3,4979.6,0.03,False
BGW-12,2,2026-06-25 20:28:21.526011,52,98.01,125.65,93.72,5.8,55.77,0.458,1.0,5971.5,4974.6,0.031,False
BGW-12,2,2026-06-26 20:28:21.526011,53,97.24,124.67,96.71,5.8,54.92,0.46,1.01,5974.8,4969.5,0.032,False
BGW-12,2,2026-06-27 20:28:21.526011,54,96.49,123.7,99.76,5.8,54.07,0.462,1.02,5978.2,4964.3,0.033,False
BGW-12,2,2026-06-28 20:28:21.526011,55,95.74,122.75,102.88,5.8,53.23,0.465,1.03,5981.7,4959.0,0.034,False
BGW-12,2,2026-06-29 20:28:21.526011,56,95.01,121.81,106.06,5.8,52.39,0.467,1.03,5985.2,4953.5,0.035,False
BGW-12,2,2026-06-30 20:28:21.526011,57,94.29,120.89,109.31,5.8,51.55,0.469,1.04,5988.8,4948.0,0.036,False
BGW-12,2,2026-07-01 20:28:21.526011,58,93.58,119.98,112.62,5.8,50.72,0.471,1.05,5992.5,4942.3,0.038,False
BGW-12,2,2026-07-02 20:28:21.526011,59,92.89,119.09,116.0,5.8,49.9,0.473,1.06,5996.3,4936.5,0.039,False
BGW-12,2,2026-07-03 20:28:21.526011,60,92.2,118.21,119.45,5.8,49.08,0.475,1.07,6000.1,4930.7,0.04,False
BGW-12,2,2026-07-04 20:28:21.526011,61,91.53,117.34,122.96,5.8,48.27,0.477,1.07,6004.0,4924.6,0.041,False
BGW-12,2,2026-07-05 20:28:21.526011,62,90.86,116.49,126.55,5.8,47.47,0.479,1.08,6008.0,4918.5,0.042,False
BGW-12,2,2026-07-06 20:28:21.526011,63,90.21,115.65,130.2,5.8,46.67,0.481,1.09,6012.0,4912.3,0.043,False
BGW-12,2,2026-07-07 20:28:21.526011,64,89.56,114.82,133.92,5.8,45.88,0.483,1.1,6016.2,4905.9,0.045,False
BGW-12,2,2026-07-08 20:28:21.526011,65,88.92,114.01,137.71,5.8,45.1,0.485,1.11,6020.4,4899.4,0.046,False
BGW-12,2,2026-07-09 20:28:21.526011,66,88.3,113.2,141.57,5.8,44.33,0.488,1.12,6024.7,4892.8,0.047,False
BGW-12,2,2026-07-10 20:28:21.526011,67,87.68,112.41,145.5,5.8,43.57,0.49,1.13,6029.1,4886.1,0.048,False
BGW-12,2,2026-07-11 20:28:21.526011,68,87.07,111.63,149.5,5.8,42.81,0.492,1.14,6033.5,4879.3,0.05,False
BGW-12,2,2026-07-12 20:28:21.526011,69,86.48,110.87,153.57,5.8,42.07,0.494,1.15,6038.0,4872.3,0.051,False
BGW-12,2,2026-07-13 20:28:21.526011,70,85.88,110.11,157.72,5.8,41.33,0.496,1.16,6042.6,4865.2,0.053,False
BGW-12,2,2026-07-14 20:28:21.526011,71,85.3,109.36,161.93,5.8,40.61,0.498,1.17,6047.3,4858.0,0.054,False
BGW-12,2,2026-07-15 20:28:21.526011,72,84.73,108.63,166.21,5.8,39.89,0.5,1.18,6052.1,4850.7,0.055,False
BGW-12,2,2026-07-16 20:28:21.526011,73,84.16,107.9,170.57,5.8,39.18,0.502,1.19,6056.9,4843.3,0.057,False
BGW-12,2,2026-07-17 20:28:21.526011,74,83.61,107.19,174.99,5.8,38.48,0.504,1.2,6061.8,4835.7,0.058,False
BGW-12,2,2026-07-18 20:28:21.526011,75,83.06,106.48,179.49,5.8,37.8,0.506,1.21,6066.8,4828.0,0.06,False
BGW-12,2,2026-07-19 20:28:21.526011,76,82.52,105.79,184.06,5.8,37.12,0.508,1.22,6071.9,4820.2,0.061,False
BGW-12,2,2026-07-20 20:28:21.526011,77,81.98,105.11,188.71,5.8,36.45,0.51,1.23,6077.1,4812.2,0.063,False
BGW-12,2,2026-07-21 20:28:21.526011,78,81.46,104.43,193.42,5.8,35.79,0.512,1.25,6082.3,4804.2,0.064,False
BGW-12,2,2026-07-22 20:28:21.526011,79,80.94,103.76,198.21,5.8,35.15,0.515,1.26,6087.6,4796.0,0.066,False
BGW-12,2,2026-07-23 20:28:21.526011,80,80.42,103.11,203.06,5.8,34.51,0.517,1.27,6093.0,4787.7,0.068,False
BGW-12,2,2026-07-24 20:28:21.526011,81,79.92,102.46,207.99,5.8,33.88,0.519,1.28,6098.5,4779.3,0.069,False
BGW-12,2,2026-07-25 20:28:21.526011,82,79.42,101.82,213.0,5.8,33.27,0.521,1.29,6104.1,4770.7,0.071,False
BGW-12,2,2026-07-26 20:28:21.526011,83,78.93,101.19,218.07,5.8,32.66,0.523,1.31,6109.7,4762.0,0.073,False
BGW-12,2,2026-07-27 20:28:21.526011,84,78.44,100.57,223.22,5.8,32.06,0.525,1.32,6115.4,4753.2,0.074,False
BGW-12,2,2026-07-28 20:28:21.526011,85,77.96,99.95,228.43,5.8,31.48,0.527,1.33,6121.2,4744.3,0.076,False
BGW-12,2,2026-07-29 20:28:21.526011,86,77.49,99.35,233.72,5.8,30.9,0.529,1.34,6127.1,4735.3,0.078,False
BGW-12,2,2026-07-30 20:28:21.526011,87,77.03,98.75,239.09,5.8,30.34,0.531,1.36,6133.1,4726.1,0.08,False
BGW-12,2,2026-07-31 20:28:21.526011,88,76.57,98.16,244.52,5.8,29.78,0.533,1.37,6139.1,4716.8,0.081,False
BGW-12,2,2026-08-01 20:28:21.526011,89,76.11,97.58,250.02,5.8,29.23,0.535,1.38,6145.2,4707.4,0.083,False
BGW-12,2,2026-08-02 20:28:21.526011,90,75.66,97.01,255.6,5.8,28.7,0.538,1.4,6151.4,4697.9,0.085,False
BGW-12,2,2026-08-03 20:28:21.526011,91,75.22,96.44,261.24,5.8,28.17,0.54,1.41,6157.7,4688.2,0.087,False
BGW-12,2,2026-08-04 20:28:21.526011,92,74.79,95.88,266.96,5.8,27.65,0.542,1.42,6164.0,4678.4,0.089,False
BGW-12,2,2026-08-05 20:28:21.526011,93,74.36,95.33,272.74,5.8,27.14,0.544,1.44,6170.5,4668.6,0.091,False
BGW-12,2,2026-08-06 20:28:21.526011,94,73.93,94.78,278.6,5.8,26.64,0.546,1.45,6177.0,4658.5,0.093,False
BGW-12,2,2026-08-07 20:28:21.526011,95,73.51,94.24,284.53,5.8,26.15,0.548,1.47,6183.6,4648.4,0.095,False
BGW-12,2,2026-08-08 20:28:21.526011,96,73.1,93.71,290.52,5.8,25.67,0.55,1.48,6190.2,4638.2,0.097,False
BGW-12,2,2026-08-09 20:28:21.526011,97,72.69,93.19,296.58,5.8,25.2,0.552,1.49,6197.0,4627.8,0.099,False
BGW-12,2,2026-08-10 20:28:21.526011,98,72.28,92.67,302.72,5.8,24.74,0.554,1.51,6203.8,4617.3,0.101,False
BGW-12,2,2026-08-11 20:28:21.526011,99,71.89,92.16,308.92,5.8,24.29,0.556,1.52,6210.7,4606.7,0.103,False
BGW-12,2,2026-08-12 20:28:21.526011,100,71.49,91.66,315.18,5.8,23.84,0.558,1.54,6217.6,4596.0,0.105,False
BGW-12,2,2026-08-13 20:28:21.526011,101,71.1,91.16,321.52,5.8,23.41,0.56,1.56,6224.7,4585.2,0.107,False
BGW-12,2,2026-08-14 20:28:21.526011,102,70.72,90.67,327.92,5.8,22.98,0.562,1.57,6231.8,4574.2,0.109,False
BGW-12,2,2026-08-15 20:28:21.526011,103,70.34,90.18,334.39,5.8,22.56,0.565,1.59,6239.0,4563.2,0.111,False
BGW-12,2,2026-08-16 20:28:21.526011,104,69.97,89.7,340.92,5.8,22.15,0.567,1.6,6246.2,4552.0,0.114,False
BGW-12,2,2026-08-17 20:28:21.526011,105,69.6,89.23,347.52,5.8,21.74,0.569,1.62,6253.6,4540.7,0.116,False
BGW-12,2,2026-08-18 20:28:21.526011,106,69.23,88.76,354.18,5.8,21.35,0.571,1.63,6261.0,4529.3,0.118,False
BGW-12,2,2026-08-19 20:28:21.526011,107,68.87,88.3,360.91,5.8,20.96,0.573,1.65,6268.4,4517.8,0.12,False
BGW-12,2,2026-08-20 20:28:21.526011,108,68.52,87.84,367.7,5.8,20.58,0.575,1.67,6276.0,4506.2,0.122,False
BGW-12,2,2026-08-21 20:28:21.526011,109,68.17,87.39,374.55,5.8,20.21,0.577,1.68,6283.6,4494.5,0.125,False
BGW-12,2,2026-08-22 20:28:21.526011,110,67.82,86.95,381.47,5.8,19.84,0.579,1.7,6291.3,4482.7,0.127,False
BGW-12,2,2026-08-23 20:28:21.526011,111,67.48,86.51,388.44,5.8,19.48,0.581,1.72,6299.0,4470.7,0.129,False
BGW-12,2,2026-08-24 20:28:21.526011,112,67.14,86.07,395.48,5.8,19.13,0.583,1.73,6306.9,4458.7,0.132,False
BGW-12,2,2026-08-25 20:28:21.526011,113,66.8,85.65,402.58,5.8,18.79,0.585,1.75,6314.8,4446.6,0.134,False
BGW-12,2,2026-08-26 20:28:21.526011,114,66.47,85.22,409.74,5.8,18.45,0.587,1.77,6322.7,4434.3,0.136,False
BGW-12,2,2026-08-27 20:28:21.526011,115,66.15,84.8,416.95,5.8,18.12,0.59,1.79,6330.7,4422.0,0.139,False
BGW-12,2,2026-08-28 20:28:21.526011,116,65.82,84.39,424.22,5.8,17.8,0.592,1.8,6338.8,4409.6,0.141,False
BGW-12,2,2026-08-29 20:28:21.526011,117,65.51,83.98,431.55,5.8,17.48,0.594,1.82,6347.0,4397.0,0.144,False
BGW-12,2,2026-08-30 20:28:21.526011,118,65.19,83.58,438.94,5.8,17.17,0.596,1.84,6355.2,4384.4,0.146,False
BGW-12,2,2026-08-31 20:28:21.526011,119,64.88,83.18,446.38,5.8,16.86,0.598,1.86,6363.4,4371.7,0.149,False
BGW-12,2,2026-09-01 20:28:21.526011,120,64.57,82.79,453.88,5.8,16.57,0.6,1.88,6371.8,4358.8,0.151,False
BGW-15,3,2026-05-05 20:28:21.553421,1,179.53,230.17,8.24,5.5,19.16,0.832,1.28,6381.5,5101.5,0.007,False
BGW-15,3,2026-05-06 20:28:21.553421,2,174.5,223.71,9.27,5.5,24.53,0.787,1.23,6336.7,5100.1,0.007,False
BGW-15,3,2026-05-07 20:28:21.553421,3,170.44,218.51,10.19,5.5,29.7,0.745,1.19,6293.8,5098.9,0.007,False
BGW-15,3,2026-05-08 20:28:21.553421,4,166.9,213.98,11.09,5.5,34.66,0.705,1.15,6252.9,5097.7,0.007,False
BGW-15,3,2026-05-09 20:28:21.553421,5,163.72,209.9,11.98,5.5,39.41,0.667,1.11,6213.7,5096.5,0.007,False
BGW-15,3,2026-05-10 20:28:21.553421,6,160.8,206.16,12.87,5.5,43.96,0.631,1.08,6176.4,5095.3,0.008,False
BGW-15,3,2026-05-11 20:28:21.553421,7,158.09,202.68,13.77,5.5,48.29,0.596,1.04,6140.8,5094.1,0.008,False
BGW-15,3,2026-05-12 20:28:21.553421,8,155.54,199.41,14.69,5.5,52.41,0.564,1.01,6106.7,5092.9,0.008,False
BGW-15,3,2026-05-13 20:28:21.553421,9,153.13,196.32,15.63,5.5,56.32,0.534,0.97,6074.3,5091.7,0.008,False
BGW-15,3,2026-05-14 20:28:21.553421,10,150.85,193.4,16.59,5.5,60.02,0.505,0.94,6043.4,5090.4,0.009,False
BGW-15,3,2026-05-15 20:28:21.553421,11,148.67,190.6,17.58,5.5,63.52,0.478,0.92,6013.9,5089.1,0.009,False
BGW-15,3,2026-05-16 20:28:21.553421,12,146.59,187.94,18.59,5.5,66.82,0.452,0.89,5985.7,5087.8,0.009,False
BGW-15,3,2026-05-17 20:28:21.553421,13,144.59,185.38,19.63,5.5,69.92,0.427,0.86,5958.9,5086.4,0.009,False
BGW-15,3,2026-05-18 20:28:21.553421,14,142.68,182.92,20.7,5.5,69.78,0.429,0.84,5933.4,5084.9,0.01,False
BGW-15,3,2026-05-19 20:28:21.553421,15,140.83,180.55,21.81,5.5,69.57,0.431,0.81,5909.0,5083.5,0.01,False
BGW-15,3,2026-05-20 20:28:21.553421,16,139.05,178.27,22.94,5.5,69.33,0.433,0.81,5901.7,5082.0,0.01,False
BGW-15,3,2026-05-21 20:28:21.553421,17,137.33,176.06,24.11,5.5,69.04,0.435,0.81,5902.7,5080.4,0.011,False
BGW-15,3,2026-05-22 20:28:21.553421,18,135.67,173.93,25.32,5.5,68.72,0.438,0.81,5903.8,5078.8,0.011,False
BGW-15,3,2026-05-23 20:28:21.553421,19,134.05,171.86,26.56,5.5,68.37,0.44,0.81,5904.8,5077.2,0.011,False
BGW-15,3,2026-05-24 20:28:21.553421,20,132.49,169.86,27.84,5.5,67.99,0.442,0.82,5905.9,5075.5,0.012,False
BGW-15,3,2026-05-25 20:28:21.553421,21,130.97,167.92,29.15,5.5,67.57,0.444,0.82,5907.0,5073.7,0.012,False
BGW-15,3,2026-05-26 20:28:21.553421,22,129.5,166.03,30.51,5.5,67.13,0.446,0.82,5908.2,5071.9,0.012,False
BGW-15,3,2026-05-27 20:28:21.553421,23,128.07,164.19,31.9,5.5,66.66,0.448,0.82,5909.4,5070.1,0.013,False
BGW-15,3,2026-05-28 20:28:21.553421,24,126.67,162.4,33.34,5.5,66.16,0.45,0.83,5910.6,5068.2,0.013,False
BGW-15,3,2026-05-29 20:28:21.553421,25,125.32,160.66,34.82,5.5,65.64,0.452,0.83,5911.9,5066.2,0.013,False
BGW-15,3,2026-05-30 20:28:21.553421,26,123.99,158.97,36.34,5.5,65.1,0.454,0.83,5913.2,5064.2,0.014,False
BGW-15,3,2026-05-31 20:28:21.553421,27,122.7,157.31,37.91,5.5,64.54,0.456,0.83,5914.6,5062.1,0.014,False
BGW-15,3,2026-06-01 20:28:21.553421,28,121.44,155.7,39.52,5.5,63.95,0.458,0.84,5915.9,5060.0,0.015,False
BGW-15,3,2026-06-02 20:28:21.553421,29,120.22,154.12,41.17,5.5,63.35,0.46,0.84,5917.4,5057.8,0.015,False
BGW-15,3,2026-06-03 20:28:21.553421,30,119.02,152.58,42.87,5.5,62.73,0.462,0.84,5918.8,5055.5,0.015,False
BGW-15,3,2026-06-04 20:28:21.553421,31,117.84,151.08,44.62,5.5,62.09,0.465,0.85,5920.3,5053.2,0.016,False
BGW-15,3,2026-06-05 20:28:21.553421,32,116.7,149.61,46.42,5.5,61.44,0.467,0.85,5921.9,5050.8,0.016,False
BGW-15,3,2026-06-06 20:28:21.553421,33,115.58,148.17,48.27,5.5,60.77,0.469,0.85,5923.5,5048.4,0.017,False
BGW-15,3,2026-06-07 20:28:21.553421,34,114.48,146.77,50.17,5.5,60.09,0.471,0.86,5925.1,5045.9,0.017,False
BGW-15,3,2026-06-08 20:28:21.553421,35,113.4,145.39,52.11,5.5,59.4,0.473,0.86,5926.8,5043.3,0.018,False
BGW-15,3,2026-06-09 20:28:21.553421,36,112.35,144.04,54.11,5.5,58.7,0.475,0.86,5928.5,5040.6,0.018,False
BGW-15,3,2026-06-10 20:28:21.553421,37,111.32,142.72,56.16,5.5,57.99,0.477,0.87,5930.3,5037.9,0.019,False
BGW-15,3,2026-06-11 20:28:21.553421,38,110.31,141.43,58.27,5.5,57.27,0.479,0.87,5932.1,5035.1,0.019,False
BGW-15,3,2026-06-12 20:28:21.553421,39,109.32,140.16,60.42,5.5,56.54,0.481,0.87,5933.9,5032.3,0.02,False
BGW-15,3,2026-06-13 20:28:21.553421,40,108.35,138.91,62.64,5.5,55.8,0.483,0.88,5935.8,5029.3,0.021,False
BGW-15,3,2026-06-14 20:28:21.553421,41,107.4,137.69,64.9,5.5,55.06,0.485,0.88,5937.8,5026.3,0.021,False
BGW-15,3,2026-06-15 20:28:21.553421,42,106.47,136.5,67.23,5.5,54.32,0.488,0.89,5939.8,5023.3,0.022,False
BGW-15,3,2026-06-16 20:28:21.553421,43,105.55,135.32,69.61,5.5,53.57,0.49,0.89,5941.8,5020.1,0.022,False
BGW-15,3,2026-06-17 20:28:21.553421,44,104.65,134.17,72.05,5.5,52.82,0.492,0.9,5943.9,5016.9,0.023,False
BGW-15,3,2026-06-18 20:28:21.553421,45,103.77,133.04,74.55,5.5,52.06,0.494,0.9,5946.1,5013.5,0.024,False
BGW-15,3,2026-06-19 20:28:21.553421,46,102.9,131.93,77.1,5.5,51.31,0.496,0.9,5948.5,5009.9,0.024,False
BGW-15,3,2026-06-20 20:28:21.553421,47,102.05,130.84,79.72,5.5,50.55,0.498,0.91,5951.2,5005.6,0.025,False
BGW-15,3,2026-06-21 20:28:21.553421,48,101.21,129.76,82.4,5.5,49.79,0.5,0.92,5954.0,5001.3,0.026,False
BGW-15,3,2026-06-22 20:28:21.553421,49,100.39,128.71,85.13,5.5,49.04,0.502,0.92,5956.9,4996.9,0.027,False
BGW-15,3,2026-06-23 20:28:21.553421,50,99.58,127.67,87.93,5.5,48.28,0.504,0.93,5959.8,4992.3,0.028,False
BGW-15,3,2026-06-24 20:28:21.553421,51,98.79,126.65,90.79,5.5,47.53,0.506,0.93,5962.9,4987.7,0.029,False
BGW-15,3,2026-06-25 20:28:21.553421,52,98.01,125.65,93.72,5.5,46.78,0.508,0.94,5965.9,4982.9,0.03,False
BGW-15,3,2026-06-26 20:28:21.553421,53,97.24,124.67,96.71,5.5,46.03,0.51,0.95,5969.1,4978.1,0.031,False
BGW-15,3,2026-06-27 20:28:21.553421,54,96.49,123.7,99.76,5.5,45.29,0.513,0.95,5972.3,4973.1,0.032,False
BGW-15,3,2026-06-28 20:28:21.553421,55,95.74,122.75,102.88,5.5,44.55,0.515,0.96,5975.6,4968.1,0.032,False
BGW-15,3,2026-06-29 20:28:21.553421,56,95.01,121.81,106.06,5.5,43.81,0.517,0.97,5978.9,4962.9,0.033,False
BGW-15,3,2026-06-30 20:28:21.553421,57,94.29,120.89,109.31,5.5,43.08,0.519,0.97,5982.3,4957.7,0.035,False
BGW-15,3,2026-07-01 20:28:21.553421,58,93.58,119.98,112.62,5.5,42.36,0.521,0.98,5985.8,4952.3,0.036,False
BGW-15,3,2026-07-02 20:28:21.553421,59,92.89,119.09,116.0,5.5,41.64,0.523,0.99,5989.4,4946.8,0.037,False
BGW-15,3,2026-07-03 20:28:21.553421,60,92.2,118.21,119.45,5.5,40.93,0.525,1.0,5993.0,4941.2,0.038,False
BGW-15,3,2026-07-04 20:28:21.553421,61,91.53,117.34,122.96,5.5,40.22,0.527,1.0,5996.7,4935.5,0.039,False
BGW-15,3,2026-07-05 20:28:21.553421,62,90.86,116.49,126.55,5.5,39.52,0.529,1.01,6000.5,4929.7,0.04,False
BGW-15,3,2026-07-06 20:28:21.553421,63,90.21,115.65,130.2,5.5,38.83,0.531,1.02,6004.3,4923.8,0.041,False
BGW-15,3,2026-07-07 20:28:21.553421,64,89.56,114.82,133.92,5.5,38.14,0.533,1.03,6008.3,4917.8,0.042,False
BGW-15,3,2026-07-08 20:28:21.553421,65,88.92,114.01,137.71,5.5,37.47,0.535,1.04,6012.3,4911.6,0.043,False
BGW-15,3,2026-07-09 20:28:21.553421,66,88.3,113.2,141.57,5.5,36.8,0.538,1.05,6016.3,4905.3,0.045,False
BGW-15,3,2026-07-10 20:28:21.553421,67,87.68,112.41,145.5,5.5,36.14,0.54,1.05,6020.5,4899.0,0.046,False
BGW-15,3,2026-07-11 20:28:21.553421,68,87.07,111.63,149.5,5.5,35.48,0.542,1.06,6024.7,4892.5,0.047,False
BGW-15,3,2026-07-12 20:28:21.553421,69,86.48,110.87,153.57,5.5,34.84,0.544,1.07,6029.0,4885.9,0.048,False
BGW-15,3,2026-07-13 20:28:21.553421,70,85.88,110.11,157.72,5.5,34.2,0.546,1.08,6033.3,4879.2,0.05,False
BGW-15,3,2026-07-14 20:28:21.553421,71,85.3,109.36,161.93,5.5,33.58,0.548,1.09,6037.8,4872.3,0.051,False
BGW-15,3,2026-07-15 20:28:21.553421,72,84.73,108.63,166.21,5.5,32.96,0.55,1.1,6042.3,4865.4,0.052,False
BGW-15,3,2026-07-16 20:28:21.553421,73,84.16,107.9,170.57,5.5,32.35,0.552,1.11,6046.9,4858.3,0.054,False
BGW-15,3,2026-07-17 20:28:21.553421,74,83.61,107.19,174.99,5.5,31.75,0.554,1.12,6051.5,4851.2,0.055,False
BGW-15,3,2026-07-18 20:28:21.553421,75,83.06,106.48,179.49,5.5,31.16,0.556,1.13,6056.3,4843.9,0.057,False
BGW-15,3,2026-07-19 20:28:21.553421,76,82.52,105.79,184.06,5.5,30.58,0.558,1.14,6061.1,4836.5,0.058,False
BGW-15,3,2026-07-20 20:28:21.553421,77,81.98,105.11,188.71,5.5,30.0,0.56,1.15,6066.0,4828.9,0.06,False
BGW-15,3,2026-07-21 20:28:21.553421,78,81.46,104.43,193.42,5.5,29.44,0.562,1.16,6071.0,4821.3,0.061,False
BGW-15,3,2026-07-22 20:28:21.553421,79,80.94,103.76,198.21,5.5,28.88,0.565,1.17,6076.0,4813.5,0.063,False
BGW-15,3,2026-07-23 20:28:21.553421,80,80.42,103.11,203.06,5.5,28.34,0.567,1.18,6081.1,4805.6,0.064,False
BGW-15,3,2026-07-24 20:28:21.553421,81,79.92,102.46,207.99,5.5,27.8,0.569,1.19,6086.3,4797.7,0.066,False
BGW-15,3,2026-07-25 20:28:21.553421,82,79.42,101.82,213.0,5.5,27.28,0.571,1.2,6091.6,4789.5,0.067,False
BGW-15,3,2026-07-26 20:28:21.553421,83,78.93,101.19,218.07,5.5,26.76,0.573,1.21,6096.9,4781.3,0.069,False
BGW-15,3,2026-07-27 20:28:21.553421,84,78.44,100.57,223.22,5.5,26.25,0.575,1.22,6102.4,4773.0,0.07,False
BGW-15,3,2026-07-28 20:28:21.553421,85,77.96,99.95,228.43,5.5,25.75,0.577,1.23,6107.9,4764.5,0.072,False
BGW-15,3,2026-07-29 20:28:21.553421,86,77.49,99.35,233.72,5.5,25.26,0.579,1.25,6113.4,4755.9,0.074,False
BGW-15,3,2026-07-30 20:28:21.553421,87,77.03,98.75,239.09,5.5,24.77,0.581,1.26,6119.1,4747.2,0.075,False
BGW-15,3,2026-07-31 20:28:21.553421,88,76.57,98.16,244.52,5.5,24.3,0.583,1.27,6124.8,4738.4,0.077,False
BGW-15,3,2026-08-01 20:28:21.553421,89,76.11,97.58,250.02,5.5,23.84,0.585,1.28,6130.6,4729.5,0.079,False
BGW-15,3,2026-08-02 20:28:21.553421,90,75.66,97.01,255.6,5.5,23.38,0.588,1.29,6136.5,4720.5,0.081,False
BGW-15,3,2026-08-03 20:28:21.553421,91,75.22,96.44,261.24,5.5,22.93,0.59,1.31,6142.4,4711.3,0.082,False
BGW-15,3,2026-08-04 20:28:21.553421,92,74.79,95.88,266.96,5.5,22.49,0.592,1.32,6148.5,4702.1,0.084,False
BGW-15,3,2026-08-05 20:28:21.553421,93,74.36,95.33,272.74,5.5,22.06,0.594,1.33,6154.6,4692.7,0.086,False
BGW-15,3,2026-08-06 20:28:21.553421,94,73.93,94.78,278.6,5.5,21.64,0.596,1.34,6160.7,4683.2,0.088,False
BGW-15,3,2026-08-07 20:28:21.553421,95,73.51,94.24,284.53,5.5,21.23,0.598,1.36,6167.0,4673.6,0.09,False
BGW-15,3,2026-08-08 20:28:21.553421,96,73.1,93.71,290.52,5.5,20.82,0.6,1.37,6173.3,4663.9,0.092,False
BGW-15,3,2026-08-09 20:28:21.553421,97,72.69,93.19,296.58,5.5,20.42,0.602,1.38,6179.7,4654.0,0.094,False
BGW-15,3,2026-08-10 20:28:21.553421,98,72.28,92.67,302.72,5.5,20.03,0.604,1.4,6186.2,4644.1,0.096,False
BGW-15,3,2026-08-11 20:28:21.553421,99,71.89,92.16,308.92,5.5,19.65,0.606,1.41,6192.7,4634.0,0.098,False
BGW-15,3,2026-08-12 20:28:21.553421,100,71.49,91.66,315.18,5.5,19.27,0.608,1.42,6199.3,4623.9,0.1,False
BGW-15,3,2026-08-13 20:28:21.553421,101,71.1,91.16,321.52,5.5,18.9,0.61,1.44,6206.0,4613.6,0.102,False
BGW-15,3,2026-08-14 20:28:21.553421,102,70.72,90.67,327.92,5.5,18.54,0.612,1.45,6212.7,4603.2,0.104,False
BGW-15,3,2026-08-15 20:28:21.553421,103,70.34,90.18,334.39,5.5,18.19,0.615,1.46,6219.5,4592.7,0.106,False
BGW-15,3,2026-08-16 20:28:21.553421,104,69.97,89.7,340.92,5.5,17.84,0.617,1.48,6226.4,4582.1,0.108,False
BGW-15,3,2026-08-17 20:28:21.553421,105,69.6,89.23,347.52,5.5,17.5,0.619,1.49,6233.4,4571.4,0.11,False
BGW-15,3,2026-08-18 20:28:21.553421,106,69.23,88.76,354.18,5.5,17.17,0.621,1.51,6240.4,4560.6,0.112,False
BGW-15,3,2026-08-19 20:28:21.553421,107,68.87,88.3,360.91,5.5,16.84,0.623,1.52,6247.5,4549.7,0.114,False
BGW-15,3,2026-08-20 20:28:21.553421,108,68.52,87.84,367.7,5.5,16.52,0.625,1.54,6254.6,4538.7,0.116,False
BGW-15,3,2026-08-21 20:28:21.553421,109,68.17,87.39,374.55,5.5,16.21,0.627,1.55,6261.9,4527.6,0.118,False
BGW-15,3,2026-08-22 20:28:21.553421,110,67.82,86.95,381.47,5.5,15.91,0.629,1.57,6269.1,4516.4,0.12,False
BGW-15,3,2026-08-23 20:28:21.553421,111,67.48,86.51,388.44,5.5,15.61,0.631,1.58,6276.5,4505.1,0.123,False
BGW-15,3,2026-08-24 20:28:21.553421,112,67.14,86.07,395.48,5.5,15.31,0.633,1.6,6283.9,4493.7,0.125,False
BGW-15,3,2026-08-25 20:28:21.553421,113,66.8,85.65,402.58,5.5,15.02,0.635,1.61,6291.4,4482.2,0.127,False
BGW-15,3,2026-08-26 20:28:21.553421,114,66.47,85.22,409.74,5.5,14.74,0.638,1.63,6298.9,4470.6,0.129,False
BGW-15,3,2026-08-27 20:28:21.553421,115,66.15,84.8,416.95,5.5,14.46,0.64,1.64,6306.5,4458.9,0.132,False
BGW-15,3,2026-08-28 20:28:21.553421,116,65.82,84.39,424.22,5.5,14.19,0.642,1.66,6314.2,4447.1,0.134,False
BGW-15,3,2026-08-29 20:28:21.553421,117,65.51,83.98,431.55,5.5,13.93,0.644,1.68,6321.9,4435.2,0.136,False
BGW-15,3,2026-08-30 20:28:21.553421,118,65.19,83.58,438.94,5.5,13.67,0.646,1.69,6329.7,4423.2,0.139,False
BGW-15,3,2026-08-31 20:28:21.553421,119,64.88,83.18,446.38,5.5,13.41,0.648,1.71,6337.6,4411.1,0.141,False
BGW-15,3,2026-09-01 20:28:21.553421,120,64.57,82.79,453.88,5.5,13.16,0.65,1.72,6345.5,4399.0,0.143,False
